id,target
0011903f9984,0
00a7fb2e10c2,0
00bdcb248d50,2
00ff060fe128,1
0119b33a1b51,0
012926173e0e,2
0130f4ae5279,0
015fdf38140b,1
01678d9d8814,0
0182fbe2f586,0
0192de78c691,2
019d334f3cdc,0
01bd325169a6,0
01f7bd2ee32a,0
01feb1581d3e,0
02096aba7602,0
022a65a3cb9b,0
022cc050582c,2
022ddf4af4a9,2
02a36c42d163,2
02adcaf1c6f2,0
02cf38c585e5,0
02d07c5af795,2
02db4b727a3b,0
02fcda0d10c9,1
0303a4bbcb44,1
033991440520,1
033ed25939e0,0
0343346e5d24,2
0344028df91c,2
0349dd217965,2
035208c22535,0
035d21959b27,1
037a452e0b70,0
03a1ac9ca4bf,1
03a771be3c3c,2
03a7b0f037ae,0
03fe8a373672,0
0444f5d3b693,1
046130c0f5a6,0
047dc5b35d44,0
049048eab22c,2
049bcd00dd49,0
04ce6dee2196,0
04db214f648a,0
04ff934f45ad,0
050d2958fe9c,0
052b87be7987,2
052bb0eac27a,2
05626f2bc842,1
0578baad1b4e,1
057e31b8d76c,1
05a019cd9abf,1
05b0db31c412,0
05bb0d32cccf,0
05c341fce007,1
05cc69147d5f,2
05cff3fc7810,1
05db4d277aa3,2
05f5cc682875,1
060a9bb453c9,0
0621ed030bc0,2
064f31514876,1
06964af74b24,0
06b62357e7b7,2
06c3f71e17e6,1
06d7e824ef7f,0
06e5fc194652,2
06fb4a056c11,0
070ad44ed72d,1
07557379a519,0
07757b8edd90,2
0775dee13de8,2
07c3b4a8f710,0
07d3708930f5,2
07d9a17920f6,2
0800bfe0db33,0
0807c6eee79c,0
080ce1c3de13,1
0818c02371d7,0
081be916e519,0
0829e3c4a1da,1
085dd6927e65,2
0860f18d42cc,1
086b46ae61fd,0
0887832b0277,1
089acb3df90c,1
08b2161b96ab,0
08c5b4c822ae,0
08d6cd11228f,2
08d7a393fa0d,0
08ed8ce896fc,1
08ef1da59230,0
08f861502e16,1
08f93a170b3b,0
09120e1fca27,0
093c8a5cc205,0
09539ada3f87,0
0955318f05c5,2
0961973f865b,2
096bd7dccba4,0
0978abba021b,0
0982833ee677,1
099155bd25d2,1
0996a3ea4038,1
09f4b120d947,0
0a42a15fd8ca,2
0a518286a404,0
0a62cf69a992,0
0a755954f13c,0
0a7e0c565e79,0
0a85d73a5627,2
0a8d2b6b5b6e,2
0aacee7abe98,2
0ac6f7ced6b1,2
0acd5398078e,1
0acee743a1a0,0
0ad47a87d235,0
0ad9987f13f8,0
0af85d7df9a6,0
0b115b0cf619,1
0b21e35ae20d,0
0b50bc2beb0b,0
0b529967be4b,1
0b5bcee95faf,1
0b756121d803,0
0b7ac91491ca,2
0bae7eace911,2
0bf7862d8340,0
0c01ccdff8f9,1
0c4b15ed6f9c,1
0c6be2d9b005,0
0c71a1c224b2,0
0c945063c431,2
0cb00ee9fbd5,2
0d10400dbde5,0
0d255828323e,1
0d4f7cb0e774,1
0d61f64cc9a3,0
0d8e558468bb,2
0dbeb6f553b6,0
0debc15562fd,2
0e0a69dc61cc,1
0e1bb4ee9e9c,2
0e23cb2c7956,0
0e394d64c995,0
0e4628515602,1
0e6b69743ef4,0
0e8d95e75635,0
0e91e201727a,2
0ea038013eba,0
0ec6a1873cb6,1
0ecb47b8824d,0
0efc0d045508,1
0f0f8678711c,2
0f0fd5522cc2,0
0f4a35f68109,2
0f809a42753b,0
0fb844f4dc81,0
0ff495069960,1
0ffd491abd33,0
1000dbb02824,1
101298e9e99c,0
102f291dec88,0
1049cdcf0225,1
10836870e051,1
10a4aaf35db2,2
10b02b91faee,0
10f0dc077f4b,2
1155021da9d9,0
115f3e7d23a8,2
115f96ac3eda,2
116881bb757c,0
11b4bb3ebc83,1
11bcc6f7fd88,0
11cb95d937d7,0
11e46574615f,1
11f19f111726,0
11fdc074fe5b,2
123aeaab25c9,2
127aa148c89e,2
12a1795c1445,1
12cbb9c5419c,2
12cc4f2c7762,2
1318af079a2b,0
1323ab0cdf97,1
133ffc5d9995,0
134fa43aa38d,0
1351f91d11ea,0
13559fa5e942,0
135a83fe3152,1
138ffb3cd9b1,2
13aacfdf1a97,1
13ae639b4af2,0
13c4fb0909c9,2
13d18c8ac27f,1
13d29d6c745c,0
13dc314d47b5,0
13f910010dd1,2
13fe6d65a2b2,0
141fb7b840c2,0
1434d71ac492,2
144e2f27fb81,0
144ea27558a5,2
1465767ae0f4,2
148de5baca60,0
14b2f07be0e5,2
14c2c1ad6987,1
14e9a9a687e2,2
150bd9656a7b,2
15127ef3687e,0
1544486932ce,0
154cf610e3d5,2
156aef620bf4,2
156ce644bfec,0
159082a0239c,0
15a9c421f315,1
15b9f0968769,0
15c188b685aa,0
15d41e9a5343,1
16675a6fc451,0
167eb6dc35a3,0
168fa8ab507f,0
16b1fba8d4e3,1
16c0be892ad4,2
16fbc504950d,1
174052b2ab5e,2
179373a41a2b,2
17b51dd272ed,0
17e2ce1c4ec9,1
18079d23e032,0
181a2f9a023c,2
182810ea3c40,0
1836255d4bbc,0
1839b6bd9bdb,1
183efdc1f53b,0
18424ffce07f,0
1862df2a1b7d,2
186c81e747c2,1
1871e7c0f84a,2
187c1cb28a94,1
188ee07a4068,1
18970c47af6a,0
18c2a1f20c68,0
18eccc1d3731,2
1944d7582625,0
1959bf0ab469,0
196137f9a8e4,0
19992ebb82c6,0
199edb949b97,0
19bc631c960d,1
19ea2f257ba9,0
1a1c704b213b,2
1a2e46bffbc9,1
1a36edb2d594,0
1a5276b36017,2
1aa81c07e92b,1
1acd311c72a9,0
1acda0a3f301,0
1ad27ca74fd4,0
1ad5d7494f4f,0
1ae582a4c3ac,0
1ae8fb4b492b,2
1afb8a5a58a0,2
1b04b4850cf8,0
1b16aff35fa9,1
1b1be7f5aeaa,1
1b30c3954779,2
1b3d0eefb4aa,0
1b60cda6edf6,0
1b75c85dab58,1
1b7c124836c1,0
1bb5fb1ca682,0
1bff42b4061b,2
1c1f94fb040c,2
1c287ff47979,1
1c3ea9476383,0
1c5d14eb3421,0
1c76352f664e,2
1c7b2b5ba9cf,0
1ca47de02b87,0
1caf190cbf31,0
1cdb2f67055e,2
1cdb4f559a28,0
1cddf39913a6,1
1ce070651270,2
1cfd42d7be1b,0
1d2d0dd3fb28,1
1d5ee9d781ed,0
1d7625cbb05a,1
1d8a672bc4a0,0
1d8cda070997,1
1d95b57da9a1,0
1dbecce92969,0
1dc5cd540364,0
1dc6bf04ff6f,2
1dddc396b38a,2
1dff04de6cbf,1
1e106b9e14e3,0
1e162940e0d0,0
1e21b54b297c,2
1e29315b6216,0
1e2ad254c526,1
1e395b28ad74,1
1e3c5a652545,1
1e67f41c5466,1
1e6c7f4a2eaa,2
1e7c50b0c603,1
1e7eb633f174,0
1ea31fd72e7d,0
1ec4c147e672,0
1ec5042fa715,2
1efde57d52e4,2
1f1385c56cfd,0
1f40cfac36d0,0
1f5759f70091,1
1f5f5ede0188,0
1f8db3561f35,2
1f95ce1c3ecc,1
1fb08958ee20,2
1fb9b532ce0e,2
1fcbc0f793c5,0
1fe954039135,2
20070341c4e3,0
201786d94dfa,0
203646012601,0
206c2228d474,1
2075227d7ff7,1
20a74ea44203,2
20a884d40503,2
20b829d49d9a,2
20bc9cb7c65e,1
20c8694a46e9,0
213a30649140,2
21611e16c495,2
2172ea82b5de,1
21787afc364b,0
21ba2adc0bee,0
21e0dca72b5e,0
222f866577f4,1
22654d693e4f,1
227c4834a943,1
22850a2988bf,1
22925c1892b4,2
22a8d6d5a384,2
22aececc3d47,1
22d60d62e564,0
22e6d9d5b31b,2
22f21d719184,1
22fdd7c5ded0,1
231d033fba56,1
23405aab3d3c,0
23489ee3fbde,1
234a76410715,2
234ac6dc43e2,0
2359c74c600a,2
235ec0c47cbe,1
236a90ed6a67,0
238b723df47e,2
23b4a5ad6da4,2
23db7fda5134,2
23e098b5ebc2,0
23e2937a9b5c,0
23f168df2c92,0
23fdf2911865,1
242b800f0c23,0
242dd51d6b53,1
243740e81d2a,0
2449f53d58a3,1
249ca4f985f1,1
2501a8fffcf5,0
250408fb6f73,1
255149b75fa7,2
2594e0e17168,0
25c210af6fc5,1
25edab11a877,1
2630264a41e4,2
263a8fa4cf7a,1
2687c0487721,1
268c64808ff0,0
26a258ebb744,1
26bce4acef3a,0
26d18b5e54d6,1
270362d40c73,2
270df397a7b1,1
2718016d2d08,0
2727c0536cfd,1
27320960feaa,0
273ea56a0e3a,0
274a73ed613a,0
275c81b9f036,2
2784fc0d9f90,0
279c383e7bfa,1
27b497f58ce6,1
27fcd468885b,1
28928c4e3dff,0
2894a0486b49,2
29719f341bb3,0
297ca22e80e2,1
29a18977ef8d,1
29e82d4ff81c,0
2a062e8de741,2
2a0ae211451c,0
2a19c50a10fa,1
2a3eeb203f81,1
2a4d2996859c,0
2a5ae96fe83d,0
2a6feea61f40,0
2a8337b809e1,0
2a8b8b5539c9,1
2a8f60a6f77d,2
2a98c9a7e125,1
2adc1c8b862e,0
2adcc504df85,0
2b013a80f113,1
2b24e3941a69,0
2b32387985ec,1
2b3596fc62fc,1
2b4601f63c2d,2
2b5ee6638620,0
2b65bf89a5d2,0
2bdc5a7b93b0,0
2bf3b4989fcc,0
2c1b09699b47,0
2c34496c64c9,0
2c54e1ab0953,0
2c5b7885cc66,0
2ca3547cf20e,2
2ca5001b6bf0,2
2ca54826a342,1
2cb990de9da7,0
2cead1e715f7,0
2d18c3d6bfe7,0
2d6454d72e41,0
2d6ffd6dac86,0
2d8e7397a187,2
2db9229429b7,2
2dc3a6c8b482,0
2dca53c5723b,1
2ddfd4fe1558,2
2e38855b055d,0
2e3f391fbb3b,0
2e4f8472b7df,2
2e5adecbba1b,0
2e5eb4aba6dc,2
2e92746a8d28,0
2e98c0c18019,0
2ea8fe670561,0
2eb2d132d59c,0
2ee1ba50729e,0
2f12f1a27e6c,0
2f471956116a,0
2f798ea19838,0
2f7f109201ad,0
2fac77bb248e,0
30053a4b60bf,2
30062c5c3ff9,2
303dfab4b482,0
30485c41ec57,0
306f22aca7ed,0
307c5c30acb6,0
30c0c278364c,0
30c183ec67b3,0
30c9ca9aa4f6,0
3111acc9ab5e,0
31290c9a9587,1
316eb35af857,0
319fc6a72a66,0
31af20f63375,0
31bcb4f8b3b9,0
31d26dcaa54d,2
31edb33b24e3,2
32308f37e67f,0
324bcc05824c,2
328761a6da68,0
329b659152f5,0
32ccdd214695,1
32cd530eb8a3,0
32db0f1d41e5,0
32ef05ca2377,0
330d81b6d7c1,0
3323060dd6e7,2
332e0501aeb2,0
336c63615591,2
336dd1dcb91a,0
337f754fadc3,0
33b847874588,0
33b8b0e2deef,0
33ca67324856,1
33ea4ab5bbc7,1
33f7b1680c09,0
34048e80b908,0
341903dad5e8,2
342d1a861110,0
343008b167ce,1
3446562dba36,2
344d903b3e34,1
345dcd543358,0
34648602d12f,0
347cc6bd8a8b,0
348c7195417f,0
349d035f9e0e,1
34a219df7b7d,2
34a2ea03476c,2
34a8131c6007,0
34b2d1ecc58f,1
34c28f39018b,0
34f171752524,0
34f3935b5292,2
3575d613ce9d,1
357d93d31fb3,0
3590393f6607,0
35d29c74f890,0
361ccb5bc547,0
3641b64a62cd,1
365fe8df194d,1
366bd86635a0,2
36774ee222ec,2
36aa3bab38af,2
36ba455aedef,1
36d2b0ae40b3,1
36faa1d6f538,0
371220010f09,0
3714f0302fca,0
37713fc312ba,0
37765e28e242,0
378faf097367,2
37979887da31,2
37998e2967a0,2
37a1ad8a1495,2
37aeea4f9d99,1
37b239856d3f,0
37ca15fd4b1c,0
37d2136f0265,0
3802628bdc18,2
3840a2457568,0
385f25f3cf66,0
38802e75565d,2
38acc7b90551,1
3907f94ea111,0
392f426f4d17,0
392fb589f1b8,1
3938607fb575,1
3973f38524e6,1
39ad7ca37fc1,2
39cdff8e5b05,0
39da0e8b98b1,2
39dd002c5f3e,1
39dff45c2f41,2
3a09b81eb5ff,0
3a1310c66bf9,0
3a5c2a4d1b6d,0
3a7a79d5fd28,0
3a8f054cf684,2
3ab84a8c6a08,0
3abe63dc18b5,0
3b091f965c05,0
3b208ba95cc3,2
3b2edfa8fb7e,1
3b30a3976b0e,0
3b475282df8a,0
3b54ddf9d1d9,2
3b656c248986,0
3ba4592dd3a9,0
3ba5e1d89b39,0
3bab87291515,2
3be038c9688d,0
3c0e5f89750b,0
3c170e20609d,1
3c29012f154c,0
3c4575e9eb35,0
3c47d8c92f5c,0
3c55e9e980d2,2
3c6e880eae39,2
3cbdb4a97d23,0
3ce734e918d1,1
3cf0cbbcd589,2
3cf69398bd2e,0
3d0292fbd865,0
3d206fdd3f34,0
3d8f152af914,1
3d936a7052a6,2
3da2a97be273,2
3da7db4bceb5,0
3da8de62d85d,0
3dbb143188a0,1
3de2567714ae,0
3e07fb6aa258,0
3e6cf1b3c0bc,0
3e6d737186e3,1
3e79c8cea39c,0
3e8e98a7cd8e,0
3ea4cb63df4b,1
3ea4ceb597f5,0
3eabb747419c,2
3eea42ccc18b,0
3ef51dca831a,0
3ef63066701c,0
3f0b4e06beea,1
3f1a080d8212,1
3f5a04360a67,1
3f68b54dec87,1
3f9a3c91b9e7,0
3fd27fa7a529,1
3fd867c30322,2
4015d177615d,2
406a030a13ca,0
406c3f295c11,1
407aa15f5e83,0
409855c26423,0
40bc3c26a711,0
40c3159bbd7d,0
40f5635894ca,0
410e7a0951a1,1
41163b0b36cd,0
411eb99a128b,0
414a7ed238bc,1
416add82c02c,0
41b92165dd60,0
4203763193bc,1
420722e2baca,2
420976a5fd99,0
42145a21e2c9,0
422a14456db9,2
4237a0dc7fd4,0
425b7f4890ba,0
4291729fb378,0
42bdbaf58079,2
42e3428ea257,0
4314356478b4,1
43248115f6c5,1
436fb53aeaf7,1
437a5c70094b,1
43a67b376e83,0
43a9018ce0f6,1
43acd81b7aa6,0
43f85dcc03f1,2
44233573b439,1
4427c2160c9e,1
4431134647aa,0
443b929b8c44,0
445f90185fc1,2
446ce492000e,0
44ece5f6c2e0,1
44f14d434999,0
44fbb6771bae,2
4516b7b10cc8,0
451bd13c8e8a,2
454e880e424e,2
456b9a7bb565,1
45c952616238,0
45d5bdfd7cf7,0
45e1a163e74e,0
45f192b45acc,2
45f2bf4510c7,0
45f8e6442b44,2
45f972e88b53,0
46415bbb5373,2
46418695fbee,0
464f72f15f8a,2
468f4a4d15ba,0
46b68e5e0661,2
46b7e37b2f2c,0
46b881a655ac,1
46bca89fbc22,1
46cd7274fb2e,0
46eff33f8817,0
4750a1cec70b,0
4764cb9c90df,1
4769fda37b5c,2
4787c1c0f8ee,2
47954f3aeb00,0
47a5e2d2811d,0
47c99f67c2c2,0
47d8d5f1f0f1,0
47eecf11d0e4,0
480681df1ef1,1
4809873dff7d,1
4823c4fbd476,1
482403662d14,0
482b2f3c8137,1
482b4abf07a6,1
482b60a3281b,2
4868a16007f3,2
488133bedb9c,2
48a667a71852,2
48b8b936aa4b,0
48de1f41c604,0
48fc42ecc779,0
490600a452c9,0
4923ca4f18ba,1
4942a22c615a,2
496b89b1ca5f,0
4980777f01e0,1
499a73c07fff,2
49a06c0c5d6a,1
49c0b735ed45,1
49d7074dbf78,1
4a0d693ff5d5,2
4a21551dea42,1
4a2886f4cd4e,0
4a2ef0d19933,0
4a91c2847e7b,0
4aec63dffc5e,0
4af5537fdb65,1
4b2335c1bb62,1
4b7a7eebafc6,0
4b7ba6d141f2,2
4bc6feff8159,0
4bcb6de3c458,0
4bd174badbd7,0
4bd490ff9c9c,2
4be2a5bc0f96,1
4bf1200f9dd0,1
4bfedb323f40,0
4c0093982491,0
4c0c19c3f339,0
4c1d55d1025b,1
4c255f6cd9dd,0
4c5d114fa479,0
4c6849e04d67,1
4c6b8b647456,0
4c7ca83fad27,1
4c8351ccffd7,2
4cbd4c793e8b,2
4ccefd2287bc,0
4cf6a3371a29,2
4cfc41e0ad2f,2
4d4e3fde6d2c,0
4d54cb54b4c4,0
4d8968c9d146,2
4dbf304ec8ed,0
4dc57070acc8,0
4dcb2ba6100d,1
4dcc8dd676dc,0
4e01729f4477,0
4e05be58535e,0
4e5de6c35f2d,0
4e71fbfcc1dc,0
4e7cff06397c,2
4e8fbc0ca23b,0
4e93184c8056,0
4e9414a0f94e,0
4e9472743728,1
4ed8cb213057,0
4ee583eecfb7,0
4f43b6d261a1,0
4f465a30356f,0
4fd7d6e71d9c,0
4fdbabda07d8,0
4ffa0fdc0e62,0
5033af128a4b,2
505e1b820d6c,1
50628d00be8b,1
507b7ee2b58b,2
5083b7d3482f,1
5090dfc69fb4,0
50a25a0fc1a1,0
50b9d5a07c8f,1
50c083be13ca,1
50dd61a7f72f,1
50f609e4191e,2
50fe0dcb10e9,2
5111dc71d76c,1
51242c3d7b1d,0
515b4212a752,0
5172fcce4d74,2
5197df67f79d,0
51b4674ade86,0
51f6ef02888c,0
5212abd60769,0
5239855a90ec,2
52481b792fc9,1
527f984fcb29,1
52c596d63238,1
52fd2a5700c4,2
53157df3bcb9,0
533497594bd3,2
533abed888eb,0
537e3e20c3c1,0
53811b94b4bb,1
5391eb6264b3,1
53931643a47b,0
53ae15e21dd2,0
53cf810b7c58,0
53d340a19575,0
53db87eaa12a,2
53e09ed22cc0,2
53f47af4c816,1
5422aab4a380,1
542f5a91c9fe,2
54316909146d,1
5452fbddd31d,1
547498b55f1b,1
5480b10ef15d,0
54c041c2f5e3,2
5516bf14955c,1
552bd2e503c8,2
553c231f5a1d,0
55a60c6f5d23,1
55b8126f3109,0
55c53000fc0b,0
55d0d434c7c4,0
55d7f20fe59c,1
5609135fecaa,2
5626058288df,0
562e28196780,1
563b5742a66f,1
5645e7bfb3a2,1
565f447cd349,2
566c14e56348,0
568435094b7a,0
56a8fa910926,0
56ae9052b3b2,0
56c00704874c,0
56c6f8a6445d,0
56cabcabd858,2
56d95aa4b6ff,1
56e303f38716,2
56eee1fce5e9,0
5704d93def37,0
57404b6b3d5c,0
576ace3dfd8b,1
579217542d54,1
57b3c3fd7920,1
57fca1a772fa,0
5800a4ede01c,1
58108fdae5f5,1
5830b4f74100,0
583e6b432b66,0
5842c2cace29,1
584fc1fca2ef,0
587c961e83ef,1
587cad72ee11,0
58816da9db1c,0
589a8ab21c9b,1
589bf990098d,1
58c1a8d4d82d,1
58c6cc69ed84,1
5923e640e424,0
593486716c41,0
59615682ccc5,0
59a79bbab212,0
59acb691d8ff,0
59bd5517a244,2
59e082baeee2,0
59ecda41645d,2
59ef737442b9,0
5a117a7ed65c,0
5a446afbcf62,0
5a472e331091,0
5a68f7a3643a,0
5a6cbb88da3b,2
5a9402449d97,2
5a9e2f2509fa,0
5aa0577e75de,0
5ae315854998,2
5af07d7a1899,2
5af2ad4d7de1,2
5b1024834d0a,0
5b28f6c27699,0
5b350a747cca,1
5b3a4091cc6a,0
5b3d6162749d,2
5b4d6e24307b,0
5b84988f3876,0
5b8b60ca0fa8,2
5b92b1061825,0
5baaa8113216,0
5baea00b3c82,1
5bbf20a15f53,2
5c228705f42d,0
5c365cd7fb81,2
5c7d66836c0d,0
5c94313db648,0
5cced8f56182,1
5cf37ad26dcc,0
5cfb86b9a43d,1
5d6a6f948b24,2
5d6f0b89f632,2
5d7b42d00af5,1
5d8baa06655b,1
5d91db4ebdf7,1
5dc25d3c2785,0
5dccd2fba2e8,0
5de870eecb99,0
5e1aeb2f6d82,0
5e1caeb62240,1
5e595cc64216,2
5e6ec091a366,2
5ecd44fe2990,2
5ed34b83d762,0
5f351f59a1a6,0
5f3c2a0e1a30,0
5f52443ed8cc,1
5f5db3cbfba0,0
5f75729a1bb4,0
5f9374f74923,1
5fb37e0e2b61,0
5fdb03cdf37f,2
600322ab0de4,0
60075532c72d,1
601ddbfa6129,0
602b792fa990,0
604a84591d6d,0
60612852ea2a,2
6065f791f9ed,2
609aae6af625,2
60a89e82125e,0
60ac16b4cc97,1
60f1276d6dfe,0
60f22b2fb48a,0
60fcbe8dfe7b,1
60ff554ce119,0
6104b23e5334,0
6107e9525894,0
61683e5e52c5,0
61b19eb74e65,0
61bcb9bd059c,1
61e72e51bab9,1
62029de5f985,0
620da817ae4f,2
622c712feef1,0
622dd772b318,0
622edfd29859,1
623fb68626f3,0
625ad2967da1,0
6282da539ef5,0
6292fdc5bca7,2
62a5dd73fbea,0
62ad94c13ace,2
62b07a77cfd6,0
62b26e42bf95,0
6315c3fb63af,0
631f2aa2be89,1
6327910d2fb1,2
636b08b0e67c,2
636f05a84b5f,0
642d76c44b3d,0
642ef87249d7,1
644557e25005,2
644698d2b6ec,0
64d0c1c6ccea,1
64f4654cef20,2
651012fa885a,1
652351b8c0fe,2
65338050de1b,0
65391fb68200,1
6549657058a6,2
65a217678eea,2
65b1209405eb,1
65b3fa7d3881,1
65d63731e755,0
65f62b92a275,2
66228e2dec8a,2
663f235b629e,2
66454a5fa8d0,0
66559bab81f9,2
6658d026d4ec,0
666db01c2c8f,0
6677040b19e0,1
66a3baee6ceb,1
66ee3ac0a232,2
672e4d1426b9,1
673a65922081,1
675f913cb95c,0
67697786a5f7,2
676f1f8cc906,2
67791ee62fd6,0
67a0ad5af5a7,2
67ac9f714872,0
67cec8abae34,0
67ef0ef0b43b,0
681fde85a2c3,0
682d47197152,0
6849f1b591b6,1
687a40cc5662,1
6884ffd0ecd2,0
68983f889f75,0
68e0fd088610,0
6909d8e92f7c,0
6920107a4c4d,0
694947991de7,1
69bd06707bfb,1
69ca8fcbe751,0
69ea7e744e06,2
69ef76b4507d,1
69f4fcbad789,0
69f538e72831,0
6a04582423ee,1
6a059d329ac1,0
6a1c728dcd96,0
6a1caeee1f41,2
6a230903ab5e,2
6a4498c408f8,2
6a732c18942d,0
6a85427db0fc,2
6aaf4d6cf6bc,0
6adca4cc5aec,0
6aec88adb79d,2
6b1bc4ff82fb,0
6b261dccdda5,0
6b41974c776f,0
6b6a42cad512,0
6b6cd9cdbf88,0
6b7b860fda9d,2
6b8ce7b18beb,2
6b9021a19ff3,0
6b9632db6f17,1
6b9a8d32a8c8,0
6bcaf5acfaef,2
6bdc5dc439f8,0
6bebcc1b55f3,0
6c006fed3f1a,0
6c0e3d2b2c1a,0
6c2e4f5224e7,0
6c3c8789fb7b,1
6c723c7ce600,1
6c76bc0d0d61,1
6d1a4cdec31e,0
6d26323842ba,1
6d27452739c2,0
6d281c7608a9,1
6d282410700f,0
6d304725a8d2,1
6d6e85a64e48,0
6d83819301db,2
6d94f4231a2a,0
6db58fe7267f,0
6df464e1353b,1
6df7751a7322,1
6e4a4884a82e,0
6e4f9fd4f132,2
6e66bbb339ea,0
6e6fe02aa2b4,2
6ec55f0163a0,0
6ed14a84709e,0
6ee6834cbb79,1
6ee6a116972c,2
6efca410f0e7,1
6f1d5fa8ebfe,2
6f832d090518,2
6f8c625bf5b3,0
6f9089e1e926,2
6f99802f20be,0
6fd37496fc31,1
6ff5abaa925f,2
7014f356b9e2,0
703463b667e1,2
704fe6bac456,0
707de2abd2c8,2
707e924fd393,2
70994158ee51,1
70bebf86be88,0
70cb26a4c096,1
70ceb6b1cb86,0
70deca6371b0,2
70eaa08bdacb,2
70f489508964,0
710f19b628f2,1
7118cc9e4207,0
7124143a8ed8,0
714215dec59c,0
718701afc276,0
71a73bc2db1c,2
71aa8f00b571,2
71b2d34c4f61,0
71b8931b6590,0
71d797e4203c,2
7209c4549b43,0
7210aea13e38,2
72208b9db085,0
725d735b625e,0
7262e8c50c6d,0
726e1f3b97ad,2
72732ff8496c,2
72741e1cdc4b,0
7289d6a3bed2,1
729eb89d9e6e,0
72ab778bd872,2
72b62b50c088,1
72e6e9399bce,0
72f10e46a9b3,0
731104cbe620,1
734afc6a27c2,2
735ef530e002,0
736ac4137329,2
73718b9c35ca,0
7379c33ca6d9,2
737cc021b221,1
738e3a347923,0
73c33241bc40,0
73d658a218a5,0
73e9fb87a0d3,2
74052f7068ab,0
743c42bf2b76,0
7467742ba0fc,0
746f1eb5a27b,0
74791618b36e,0
74791853e913,0
7481927e3d0a,0
74e61c3e33d3,0
74f3a623defe,0
7534ffda8f29,0
755d26ffe1e9,0
756006337b6f,1
75604f4f8fea,2
758063a49d7c,1
758ae9f7ec94,2
759cd2c9f6f1,0
75ab738fd53d,2
75c1130e2e96,2
75d62b1dae40,1
75ebaa777869,0
75f17d9f8621,1
7605a10ec9f5,0
76780e77b982,0
768465471ed4,2
7699c081cf49,2
76ac78a637dc,0
76ee7d53584b,2
772bdcdb7920,0
7732de71403d,0
77686f47f0d5,2
77740abb35b5,0
77838df7b2e0,2
77d0125fe312,1
77d86bfacaa7,0
77e57a5296a2,1
77f317264af1,0
77f4dd1c4398,1
78b1b4ab2ef4,0
78d7fe841828,0
7909a43ee8ef,0
7916a8b86145,0
792b35ce11cc,0
79768665b869,2
797be4a74647,1
7989defed664,2
798b1a0e13ca,0
798fcabc927f,2
799fa230ea23,0
79a3bc2b7129,0
79b15a671a63,1
79bfce0b9925,0
79c1b9e955b0,0
79e3d7ae30ab,0
79e6921e3b9c,1
79fe565f4813,2
79ffb8784e7b,0
7a09f26a4a13,0
7a3b82a4fba1,0
7a4bb795f47f,0
7a5760a50129,1
7a5cadf482fd,0
7a823827c09b,1
7a8b8a6f82f8,0
7a93fa8b2934,0
7a989cb773fc,1
7aa152a47778,2
7aee5ba0b41c,0
7b092d751913,0
7b24c17de548,1
7b2836aed43e,0
7b3d21613f93,1
7b3dc48d6f65,2
7b6409cb504e,1
7b735efd0a19,0
7b7e23420d68,0
7bc26ac1ab91,0
7c1c9e866d92,1
7c247055ae4f,2
7c2c98618ae0,0
7c3d1c7328bc,0
7c564b6e33e7,0
7c61e86f5d33,2
7c677b500c27,2
7c95a4c35b79,0
7c9f6edb36c4,0
7cbb51cc80d3,1
7cc41b488b84,0
7cfb068c6383,0
7d3aa384c8db,1
7d9ab536636d,2
7da091c46249,0
7db1ed383611,1
7de4a708d903,0
7df7c2698631,1
7e225b173c4b,0
7e2882c6bae8,0
7e2979c4a763,0
7e80719aaab1,2
7e8f611f4008,0
7ebba6897cc2,0
7ec98507298e,1
7ef63992328c,0
7f0f0795714d,0
7f2f774e3d1a,0
7f37c9f55e71,2
7f574b3d6dea,0
7f6af6ad1f27,1
7f6c0105917a,0
7f8d1605f966,2
7f97fd11f98c,2
7fa6521fc79f,0
7fc38712722c,1
7fcbfd7630b5,1
7fd45d68d1da,2
7ff94f72e8fd,0
805d48c3d389,0
8061202684be,0
80696f664d13,0
807bc6acf9d3,0
807e17d82b10,0
80bf8e006e98,0
80db786cf482,0
80defe537037,2
80df67011324,0
80e2f6b9882a,0
80e38cbdf5e6,1
8102a2f4b965,0
810be30304c7,2
8154ba8788d9,0
815a965747b2,1
8165134c259f,0
8170fe8c41af,1
8175f8f01ecc,0
81959c29de68,0
81ca157529b8,0
81cb60d665cc,1
81ed8f0a8b13,2
81f671e19de1,0
82a4c0f6f8d4,2
82b150b4e393,0
82c161487682,0
82ca915fd83a,1
82d37f15592f,0
82d46e6ab301,2
82de753b714f,2
82e916e1f3c4,1
82ed825983cf,0
82f1623d581b,0
831e652e4463,0
837262afdaeb,0
838a62ff7bff,2
83965795743e,0
83dc0abd47a5,2
83e30b661be6,1
83f671eeb0a2,0
8409251fa386,2
843742383053,0
843a81001aad,0
8495ee471e26,1
849f4232dcab,1
84a1589ce967,0
84afd5480aa6,0
8504a51fb1f2,0
8537a4ac5c09,0
855d3d78ed80,2
8563284b4153,0
858f239e5e80,1
85c5a77da891,0
85ca10c714e1,0
85d6c96229ad,1
85fb0f30358f,0
86274581326e,2
8680fddc6475,0
869a07503c6c,1
86a6b5ca6bb5,2
86b07a9ef3a1,0
86b4db6e43e4,0
86beee29249d,1
8711797693ad,2
87294e5855b3,2
8731d3f880fd,0
874e5b7e2539,0
8750344e2013,1
875bb9ae257e,0
8781fbbc3d41,0
879379235291,0
87aca8eebad3,0
87b0ddf921bb,0
87b2c0e829ed,2
87d6f285e736,2
87df769a402f,2
87df9dd25433,2
87e085ac6fee,2
8816841a7e2a,1
881e830d4d1b,0
882c2afb0bea,2
88326cfe632c,0
885fe08f7dc1,1
88677254ee76,1
886fbc3467ca,1
888b5937b5cd,1
889f2cab6845,2
88ecb93fca8e,1
88ed73eab9ab,2
891159286fce,0
8918ac76e6f9,0
891ef0369597,2
898eaf59c9f8,1
899a4425816a,0
89b30dbdf349,0
89b578d5037e,0
89d5c5356530,0
89dc8376ff00,1
8a1bd2d6bfda,1
8a2becc40bd3,0
8a316a4eea5f,0
8a5dd39609cd,1
8a88c4fd23a3,0
8acf50bba083,0
8ad266859dc9,1
8b08881966e6,2
8b2070111f49,1
8b5b80f7f293,1
8b6d949cedc5,1
8ba20c05119a,0
8bbd794b7e5a,2
8bc99e2c3ab1,0
8bda1984bc18,1
8c27086c83d0,1
8c3009192c91,1
8c34816304a6,0
8c8b0479238c,0
8c97d4416c92,0
8cbe3b7d4503,2
8ccc9dd7f929,1
8cd1a27e1282,0
8ce14b3bf65e,2
8cf3dd4d2ff2,2
8d2b5b284bb6,1
8d2e8a0a5c90,0
8d41fd7901ca,2
8d62a4b5934b,1
8d81c356b64b,1
8d8310a9ed42,0
8d9b2e91c984,0
8d9f26653560,0
8db6279d29ea,0
8dd6e087b933,2
8df1a51eeeb2,2
8e2ac3d62ebf,2
8e4bfc862700,0
8e511a40f176,2
8e58e47ab84b,1
8e6305d4c1c9,0
8e92fefb80f4,0
8ed37c2e0391,0
8edfc8706111,2
8ef682f2e9c3,2
8f2ff01823b3,0
8f5a162551c2,2
8f5aa4c73197,1
8f636e5d9e5e,0
8f67e1035845,0
8fde92441ba0,2
8fe8267263b6,0
9038ddda45fd,1
90592d336f72,2
9069729ae372,0
90cad57a953f,0
90d289a93c58,0
90dfe1203fea,0
90fec787c0fa,0
910062da28ed,1
9112f2babc41,2
91146ef71bee,1
91171406039b,0
914f3ea0c22e,2
9162e22e1a74,0
918817ddef36,1
91f9f1bcaeb3,1
921c651c6952,2
9238ac692b75,0
924376741cfa,2
9276dffe9af8,1
9299e3e532a5,2
92e4e34a04c1,2
92e9c9ec7677,1
92f4dfc61bae,2
92f65261af1a,0
92f874a24c97,0
93203c5453ef,0
937c8c5d4dba,1
9382b2cd4f2e,0
93d26685a600,1
93e77c6204ed,0
93fc7bd09422,0
940fa8968ec7,2
9456ea89373c,0
945e98d31890,0
9491a93748bf,0
949c3539023f,0
94a8480903ed,1
94d2d3d7c474,0
95022fdd43bc,0
951c51ab6600,0
952bf44675a1,0
957ea1b22dff,2
958536721d91,0
958e0706301f,1
95aa5d3e96dd,0
95cb28912eb4,2
95d661db0dfc,1
95d6634ce750,2
95ead05cb032,0
95f41abfe999,1
95f954229c1a,2
95ff4b3f3967,0
96149d386e4b,0
961e8b9d9385,0
962e22cf0c4a,1
9638ea44a6c9,1
96d0ae0284b7,0
96d7920e8c5f,0
96ddcc9035a5,1
96e9451688e7,0
971c2e46490a,1
972f24728006,0
9778c4cf235e,1
97aa9b3c9d69,1
97b9d649e533,2
97cb32dce788,2
97e36671e785,0
980774fcdd70,0
98173c60dab5,2
98610c690482,0
9865876e284b,0
98678194a8a8,0
9869dffd2226,2
986b2c3ef1fc,1
988612f863c4,1
9891d6f779cd,2
98d59e3c15c9,1
990529beb900,0
9960fc02107c,1
9985f53e6742,1
99a72a462ac0,0
99bb5ce32631,2
99df48aa2b40,0
9a061d8b8032,1
9a0664160bce,2
9a0c9b7a6582,0
9a1d2a89ca9e,0
9a2113b3dfd7,1
9a23969f5f6b,1
9a4301870e50,0
9a5bb28c9c91,2
9a603f5108eb,0
9aa07dd9bd5e,0
9af71e36e0cd,1
9b0660e03cb7,0
9b1276c9201f,1
9b21f316f813,0
9b292b269ac9,0
9b6681c07e59,0
9b96df41bf84,0
9bc6a5887a53,0
9bf932e98464,1
9c2f8f1c8fce,2
9c4242c0fd55,1
9c4bcbc48759,0
9c68cab6f07b,0
9c7a604b57ed,0
9cd64ebf7ea0,2
9cdec7e3b0e2,0
9ce0d10b938b,2
9d10f39fd016,0
9d15ed888a04,2
9d2b1520bb1f,0
9d541dfb66e3,2
9d683a23a259,2
9d9453bb9592,0
9d9b96fa3944,0
9da0d2c984da,0
9dd15d542df7,1
9e320d053b15,2
9e5fad5a8dfe,0
9e67f47cafb1,0
9e884a4176d4,1
9eaf574e88f3,0
9eafbb8f57fa,2
9f060ddd0474,1
9f1d5e2339e2,1
9f244b2b2a52,1
9f3dd6070ca2,0
9f5e8f3c1da4,2
9f68c1b94d8a,1
9f7bb356a532,0
9f9852a5aa49,0
9fafb8826c65,1
9fc54997bed6,0
9fd48d868017,1
9fd5816c99a9,2
a007edc24b84,0
a05f1294ed56,1
a0ceded75ac3,0
a0d5f07fa18e,0
a0d9f220e9c9,2
a142855dbc34,1
a1509ec05f8d,0
a193f972c057,2
a1b4d8062aa4,1
a1ec3bee249c,1
a25773966294,2
a25df16bcb68,0
a26ddd2cfd41,0
a27a5dbe9d09,0
a28f1fe8b483,1
a2a937ca2d59,0
a2ce9b09da1a,0
a2d07fcd7088,0
a2e807a1442f,0
a2f705d98a7c,2
a2fbe3397f8a,1
a301f10e5285,0
a311b83bd514,0
a34e7a67eb3e,2
a3613624e8fe,1
a374a4e6b9b7,1
a39200b6dfea,0
a39444433326,1
a3a0a680e231,0
a3ad85c8c03c,1
a3c5e858d444,2
a42667378c1e,0
a462d6dd36a8,0
a465f2621d38,0
a4755fb4c7f1,0
a47daa57ac84,2
a47e9c6c00f0,1
a49b534d279c,1
a4edca46fa38,1
a50cdc68cf53,0
a5115ea3b8ce,1
a558f6938045,2
a56b86c38e05,0
a56faceb71f6,0
a589686ece55,1
a58e9fb75f8b,2
a59e08f18464,2
a5c40af815c5,1
a5c923e550d3,0
a5e0a4d39832,0
a602831da6e0,2
a60b1c174507,0
a620e745c66f,1
a6278678ab22,1
a6414602caa8,1
a6605ce03169,0
a66cc1c6381b,0
a6b9850a7658,1
a6c11ab05e21,2
a6c19f813212,1
a6c3e62ccfdd,0
a6e33f8ff040,1
a6f1286ee93b,0
a72914aab10a,0
a72971810ef8,1
a72fe776212c,0
a73c971b6846,0
a7a01849bd46,1
a7b962f966fd,2
a7bb7a2a5a63,0
a7e1e5a1ae1a,2
a7f0c4ee3240,1
a817601c2849,2
a8443ee84bde,2
a84d083976e8,2
a84db4a0312d,0
a894fca12781,2
a8d474805a5d,1
a8fbea0c8eb8,0
a8ff91de7974,2
a924acf20b8e,0
a926e1081ce5,1
a94861ce7184,0
a977ce9cf0cd,0
a97c78b67bfb,1
a9852c796d67,0
a9b7f56e6c5f,0
a9e030c5c0f6,0
a9e14215ad38,2
aa29c104d79f,1
aa304dd3b0be,2
aa54813f0278,0
aa5e2079c071,2
aa9098eed2bb,0
aa9f781d71b8,1
aa9fdf0050ae,0
aaa271905927,0
aad02524039a,0
aafbe7e28640,2
ab02a7753376,0
ab31912910f8,0
ab4ff9d06669,0
ab529fcdb279,0
aba34d2fb910,2
ababf004ffd7,0
abf9481332ff,0
ac2f1c52ac20,0
ac55103f3b7d,0
ac9155a588c7,0
ac9b21970cbf,0
acd84df17767,1
ace5a1beb713,0
ad032d798891,0
ad0d88b30f5a,2
ad3de33497e7,1
ad4f129396a3,0
ade3cf352c60,1
adea2380b0ad,0
adf93d37b9da,0
adfe6b45713c,2
ae141548d002,0
ae155f65b700,0
ae2a601fba64,1
ae3809734199,0
ae54855da63f,0
ae7955d3cdb4,2
ae9616ac8426,1
ae965eb26ef9,0
aecb0fb3c21c,0
aed8d272b580,1
aee7c8431d86,0
af00f234a3fb,0
af2f4d527560,0
af37f535f1df,1
af43048bf9a2,0
af442ff152b2,0
af72b5f46b28,1
afbf198ba3fa,1
afe850fb0330,0
aff520264438,1
b001d259fbe0,0
b06150fbeca6,2
b0660177571d,2
b06ea47a4f10,1
b0a90beee8d8,1
b0b54f62842d,1
b0bab42d8325,2
b0ce38e1d61c,2
b0d116858d72,2
b0d83a4cf380,0
b0e83aba24da,0
b0e986e7f7c3,2
b0fc491ffd12,2
b12a36958b8d,0
b12feba07eb7,0
b13608ef2abf,0
b14118faebd7,1
b157be921984,0
b1962a2c3a70,0
b1a1a0472f86,2
b1a62b8d6c6d,1
b1b3f93ff942,2
b1cd00d63547,0
b1ed954be36d,1
b21c5a107890,0
b2244c534fb2,0
b233dba85411,0
b2397c97848d,1
b2704beb700e,0
b27d4951b01f,0
b2828c3fb9e6,0
b2894407bda5,0
b29fa626030f,0
b3095ee61b68,2
b310d36835b0,1
b35b48a639f5,0
b35dd3d5038a,2
b367a1571733,1
b36b3024d39e,0
b376e4d03788,0
b37b4d6e33a1,0
b4329a1e3601,0
b43ea1f73331,0
b45aa0611aa8,0
b471426808ef,0
b4a2456b049c,0
b4e5c8df9ff1,0
b4fbf5ed7bed,1
b509de36e673,0
b52f86330743,2
b56fb7bd8cec,0
b578c8dea3c7,1
b5a734e6fc0e,0
b5c3230e051d,0
b5d557b98696,0
b5e38956b7ee,0
b5f5e67d1dd3,1
b61a28dc0e46,2
b627d0ba33c0,1
b6513b7b9a90,2
b6a5eb44d961,1
b6ab2d0fa9ff,2
b6ab76d319b6,0
b6cd3d940477,1
b6d5cd0d9ede,2
b6f4d0ebf908,1
b6fe3c2ed5f5,2
b7124f22f74a,0
b71b5990250c,1
b72fe049ec78,0
b76f98457c65,0
b77169aaac2b,0
b7917f6ebcf4,0
b7a232127395,2
b7b271208ff6,0
b7b3371f008a,1
b7bde219ada1,1
b7e837f129c0,1
b83e2ac5a59b,1
b83f79069e5f,2
b84fdc12753b,0
b858ef57c9ed,0
b875c58b01ec,1
b87dfaabda81,1
b8a8ff47e6b9,0
b8ae3b371ce2,0
b8d32aca834a,0
b8db79102d6a,2
b908fc39a89b,1
b9372cfba1cf,0
b938d269cdf7,0
b94202bd964c,0
b9646b1da95f,0
b96cb7e7cc0d,2
b999858be196,0
b99c2eb39918,0
b9e66fc03271,0
ba071c9add59,2
ba2e8d9d15dc,1
ba41430ecce9,0
ba4adb12e45c,0
ba4d08320803,2
ba651dc61856,1
ba895848ec65,2
ba9e85d7632a,1
bab9cb5dea7d,1
bad1ca1997a0,0
bae7a60e664e,1
baf24970cd24,2
baf470c3cedc,0
bb1029df3f44,0
bb257b81f1d7,2
bb3692263137,0
bb5453f73403,0
bb5568748f8a,1
bb8e874e9606,0
bb904153d8bf,2
bb9594275248,2
bbd3a45894e3,2
bbf5fde9313c,1
bc00707b19af,0
bc1743da0a56,0
bc37e804a951,0
bc403b545f29,0
bc518d6760eb,0
bc5d7726fe0a,2
bc80a464d7da,2
bcc6f627770c,2
bccb95988bdb,0
bcdfc1e9e182,0
bd1a2d21b4e6,0
bd6a79c69e13,2
bd7566857a4d,1
bd8a985ff7c3,2
bdae9ddd80a9,2
bdc35b78d769,2
bdca944b45ab,2
bdd1687c6fe5,0
bde084965866,0
be05a1e19dd4,1
be2f271febe1,2
be34b9e8c19a,0
be433998a3c9,0
be66970bb3f9,2
bf01b3a24af3,0
bf0edcb180ef,1
bf39698f3aa4,0
bf50b47f4fec,1
bf6d181faebe,2
bf805e7e5bca,0
bf98946f5e77,0
bf9ff3995a99,0
bfd3943d8fa7,1
bfdcbe910ad6,0
bff6e3304702,0
c00690080561,2
c00e3eba8f6c,0
c0342f405e2d,0
c04c3d2c69a8,1
c052875144d6,1
c05985d5cbb1,2
c05c842d479a,0
c07090877451,0
c07b5cfdd7ce,0
c09809afd584,0
c09f48de3311,2
c0a557811edc,2
c0baa3723287,0
c0f77a1785ae,0
c1132e0c7901,0
c166ec5b2fdd,0
c168d524bef8,0
c17fcdcef764,0
c1a9f7f465c6,1
c1e1fa45ae2b,2
c1ef6c81319f,0
c1f17ecdae2d,1
c20173bab75a,0
c2193f91945e,0
c29b280d98d4,0
c2b4b388cf6c,0
c2eb9bc8c132,0
c2f06aff00f2,1
c30579463b58,1
c318fd6c77c7,1
c33c7a7e0e10,0
c34da862cde5,2
c34f9285c067,1
c36b635e30e9,1
c38339d7f046,0
c398b1448eb8,1
c3a70c996859,1
c3b179db3b25,0
c3dc132cad72,2
c3f2624400dd,0
c40b40fcecb4,0
c441c0909c40,0
c4436ecd0743,0
c44acd52bea7,2
c44d5edb2dc3,0
c4688304191e,1
c46c043b4226,0
c4769643167c,0
c48b055b9116,0
c4953ff1f363,1
c4d6e2da768a,1
c4d88845ebab,0
c4dd7a9a8924,2
c4e99730a068,2
c5174b188317,0
c566ee1a56a0,0
c56db6e02861,0
c5858ab577c8,0
c58834072596,2
c5a15ae7c4db,0
c5bba68ac3ab,0
c5f4475dfc47,0
c61b5915fb06,0
c6268069b2b8,2
c64b80746cfd,0
c657fc34abc9,0
c65ac457cc1e,0
c66c177d7813,2
c675b0c138ce,1
c68e15a8249a,0
c6a474e8a77d,0
c6b2625738bf,1
c6f8a8e3d858,2
c7146a06f07c,2
c716aeaaa417,1
c737962a3873,0
c764ab6615d2,0
c77f19cd2ca2,0
c77ffa802f5b,0
c7886a15f94f,1
c78f70fa4a7d,0
c7ab53a6286d,2
c7b011e36c68,0
c7b6e1ce1ea6,1
c80ac25a756d,0
c81a438a5a8f,0
c82861b70aea,0
c82da938d17b,1
c8375bc8238b,1
c84d935a1f8f,2
c8585ebaa3e3,0
c883d8ac2dd7,0
c8af915b9d1b,2
c8b805632d32,0
c8bb8c15c84c,1
c8c3894abef6,2
c8da11e53431,0
c8e3eff93a66,1
c8f249ff05c1,2
c93cc3ff794f,2
c954c4e82bce,1
c998b611f4fb,1
c9aaef025448,0
c9e63b95a144,0
ca28d1de1e5b,0
ca2f91631a38,1
ca6bbdd38916,1
ca6d40bf6035,0
ca745f2d7eb5,1
ca98f3df542a,2
cb0872e58a8e,1
cb29ca24939d,1
cb2dd2cb9b4a,0
cb3b434949f6,2
cb4f12e5d4f3,0
cba7eb24d5e7,2
cbd2942b2414,0
cbe9ff7ea96d,0
cbf38824bd5a,1
cc2cff4c7a95,2
cc2dc6d60747,2
cc4631d46975,2
cc53a62b5e41,2
cc8a15550cea,2
cce629682ba5,0
cd05d3ae59ac,0
cd0d6be9c126,0
cd0f8d257734,1
cd6526506e1c,0
cd92c083c0b8,2
cdf8cb3942a2,1
ce0214b9a621,1
ce5bf4d65ed8,0
ce7c2d0f2c5d,0
ce898261c3ab,0
ce9f663fd4da,0
cea51e2fc944,1
cecaa131a60d,1
cecb78ec6afa,0
ced2a07d1841,0
cee2f9ff670c,1
cf00ca42b02d,0
cf741b091a27,0
cf7cc42b8453,2
cf901681fbf1,1
cf9c8ebe16f2,1
cfb6186b6700,0
cfc2acaf0367,2
cfd4e3289ea8,1
cfe1f122bf9e,0
cfe37c2f5cc0,0
cffed889192f,1
d03ae39a39e4,0
d06e3a3ca617,2
d089e0379eb9,0
d0a56a36a456,1
d0cf23ed1d76,0
d18c355a0dd4,2
d1ab9cafb4ad,0
d1b33f93626f,1
d1bbe377c63a,0
d1d27e6ed563,1
d1e26f68f549,0
d1fcdb62bbd5,1
d214b07c66b7,0
d218409024ba,2
d21ade9c910b,0
d2228f18c27b,1
d22a18793350,2
d2320dcad12a,0
d25bef93facb,1
d2611844659a,1
d2729a9a4a19,2
d279d1c069d9,1
d28ef5850c3c,0
d2f5b509369f,2
d311ae85d712,1
d32315f25868,2
d32459ed87a4,1
d33d6d57083a,0
d34d61b98a00,2
d35b89990fff,2
d364b3eb077e,0
d3ba482262fd,1
d3c3dc788931,0
d3c97f132ac9,0
d3d98b14812f,2
d3f5888a0468,1
d410790d35ed,0
d41d7e179f74,1
d41f1bde161f,2
d42a3cd6aa26,0
d443fbb66920,0
d4acbbf8914d,2
d4b389e725ac,0
d4b8d8ca753f,0
d4c0231af31b,0
d4df4b4668ff,2
d50549f52eb8,0
d53490a5b24e,2
d5495960d7ae,0
d56bb60d7548,1
d57d24cd1c33,2
d58773d60e8a,2
d5b69293c1f1,0
d5de4be879f5,0
d5ff305dd5b0,1
d6057e064384,2
d608f9722c6f,0
d629671d68a1,0
d6318ccaead8,1
d636cd58d400,0
d65f17afced9,0
d661572b4f62,2
d6b1db5c64a8,2
d6b64e4b7ecc,1
d6c63748df2a,1
d6e6db6f92d7,1
d6e6f3e65ceb,0
d71e581e40a5,1
d73675fbd292,0
d75784a584bc,0
d779ac92b544,2
d7bbec4aead6,2
d7e947a9ae65,2
d805c296fe2a,1
d817146f2f92,2
d83ae56f26a8,0
d87e9ba53371,1
d8966957adf3,0
d89b7e9d9a6a,1
d89f41e40148,0
d8b4fbdf05ee,0
d8bee7342f90,0
d8d9a8f94141,1
d907df1ffec1,0
d909d2f48b9c,0
d91c41dd94cd,1
d91d2e86205c,0
d936cb4ad81d,1
d94fea47f146,1
d95f0b94085f,0
d963ed9d013a,0
d96a483014c5,0
d96dd8be5d63,0
d9b8a9190e7c,2
d9dc7d9bfe04,0
da3e479b6f88,0
da4ce652056e,0
da586ed64fe2,0
da667ae3e2a9,2
da6a1bdeb23c,0
da7834ab3f5b,0
da78ad768aff,0
da9f7d3f8cd5,0
daa0b9a30bf2,1
daa8c8305db3,1
daadb23e01a1,1
dabaee5af887,0
dade88975248,2
daed99b032db,0
daf22ef738de,2
db02bf969f1c,0
db0d1a50a533,2
db150df16067,0
db2971d84e92,1
db5e60413521,0
db81e2ab56cf,2
db880cc69a30,0
db8d4230278c,2
dba10af2b2a7,0
dba58f2c9dd9,0
dbae587735fb,2
dbafe1026a57,1
dbb9d1c3d6ad,2
dbd6edfc5c97,1
dc0043037747,0
dc0bf05f828e,1
dc1613f880f3,2
dc2de7eaa534,0
dc4e5d1e0457,1
dc547f370c3d,0
dc5d3cd68740,1
dcb0b8f660bf,0
dcbeeb969df4,0
dcee88ca68b5,2
dcf0e24ef2b9,1
dd00d14c249e,0
dd05aa719582,1
dd0d52c954da,0
dd2daf0a49dd,1
dd588e4208c0,0
dd5a2959f19b,1
dd64d6d745ff,1
dd80dd468e9a,1
dd93fab7e6d6,1
dd95d37e30a9,2
dda3d576277e,0
ddb9e528a3e8,2
ddd51a35115d,0
ddf9efa9c72b,1
de1591c2ea66,0
de41548bbe68,2
de86e653b835,1
dea0e29a77cb,2
dec7117cd9ac,2
dedd7c1b254d,0
deed480adcb3,1
deffc625954b,1
df1807c8367d,2
df35e0f694e5,0
df4cb3264a28,0
df72989b16f2,0
dfebf842343e,0
e031bdc20159,1
e0498ea8b275,0
e052710f7510,1
e0be9e9742b1,0
e0c30b05cb54,2
e0e63e00da62,0
e0e76742f5a5,0
e0f25bffe63d,2
e11836d4b6dc,2
e158c035d5c4,0
e164fc408d37,0
e16d4f1646a2,2
e1768c2f4b83,1
e17778c23061,1
e180d28b5583,0
e189523c4f41,0
e18af1f0f313,0
e1b5405003aa,0
e1c430aeadc1,1
e1dced3a6374,0
e211a6577176,1
e212f5728471,2
e22944ed2cc6,0
e246b2b557bc,1
e276394d21fa,2
e2ac511fbe33,0
e2ec5579aaeb,2
e3036467746d,1
e313f3453899,2
e32da9b38ece,0
e337b209acf0,1
e340b39841c0,0
e360e3c0ada3,0
e36c3805cda3,0
e3911bff1f26,0
e3aa9288cd68,0
e3ca94f5812f,0
e3cac3d39bc5,0
e3d45c5ea66b,0
e3e5785f7ad9,0
e3ec472d1219,0
e3efc6608afb,0
e406a25a3a78,0
e406e2d50ecc,1
e420e86bc1d4,0
e4334a7de6e8,1
e45614929117,2
e465f11551c3,2
e480f2543ad6,0
e498640f3766,1
e4b8d3e91005,2
e4cfc06e1aae,0
e4f5160baa61,2
e4f76bf34b9b,1
e513f7171dbd,1
e53762e9605d,0
e5651c570a2c,0
e565c9d00cd1,0
e59e39cfa73d,2
e5b27501c3f1,1
e5bff82d9aec,0
e5d20a6b9649,2
e5decf7177f3,0
e5e125c8171e,0
e5fe25f63acb,2
e625da1a66a2,1
e631bc7ee6af,2
e637d61ba578,0
e6488837a7e9,0
e65d191c3fb1,0
e6749a0afde8,0
e6b2db4fc528,0
e6b34c86003a,2
e7008a217c11,0
e700aed69baf,1
e70308ddb746,0
e70c4e1545b7,0
e71c1457b579,0
e727c9487616,2
e74c4b2c5aa9,1
e7932a5cc611,2
e7baed034c85,0
e7f494f1cb7e,2
e81f800d50a1,2
e850b918895c,0
e85117f5b829,0
e8607cba077c,2
e86bc10c8cfd,1
e882f53f63ef,1
e88371debeac,0
e8ccd2a7b7c5,0
e8db0bcd4b15,0
e8e009e43807,1
e8f42d6cf10c,0
e90cc0b21401,2
e93d1dd1ee44,2
e94dfc0d53b1,0
e978a004605d,0
e97cb5e01764,0
e97ed1b37e80,0
e98647f69d35,0
e9c9deccfe6e,0
e9e61779facb,0
e9f71cd269da,0
ea1aae7e6602,2
ea36d7319775,1
ea44c3ae5d87,0
ea46b985a756,1
ea5406fe3a3f,0
ea62a6561642,2
ea82b2f98b67,0
eaa4297a02dd,0
eab3555ba5e5,0
eac2296767d1,0
eac61616e8d6,0
eae56e0afcdf,1
eaffed04319b,1
eb03e1817281,0
eb0a4e1f16a8,2
eb1a6a3aa99a,2
eb2058abfcf8,0
eb2240c53675,0
eb27509cf965,0
eb4d74557f72,0
eb5e59fc98ce,0
eb8387816a5b,0
eba15bd93f31,0
ebcecbd24a0b,0
ebd2fda4eaf0,0
ebed81f514b0,0
ec0d21103028,2
ec15600f5ad4,1
ec1904c1f944,0
ec1ce830223a,0
ec2943df6aee,1
ec350316af19,0
ec3ccb78cd2c,2
ec60590c0f90,0
ec60990ef87d,0
ec617c4b5867,0
ec7c1da4cffb,0
ecbea2520bf3,2
ed05291fa8ee,2
ed1c97af9c32,2
ed2492fe6047,1
ed56d606b5cb,1
ed58908a8157,2
ed5f36162af0,2
ed6b434db391,2
ed8a0fefeaca,0
ed8c3280956f,1
eda3d60ba30b,0
edb5b0200962,0
eddd7042b72c,2
ede728113016,0
ee1067ad681d,0
ee2402d181a6,0
ee538beb2d88,0
ee6ab7bd09cb,0
ee787c845a08,1
ee8e155898bc,0
ee90c057cbe7,0
eeb1f1c6b31e,0
eecb5e316fe4,2
eed1aa8a7871,2
eeda15c72157,2
eef47c1565b5,0
ef135ed92d54,2
ef34e567a375,0
ef6c5b4723e4,1
ef9ad4e460c0,1
efabbb8cfc76,2
efc08bcf44b4,0
efe868bee221,1
efeb7ace0496,1
efecbfe86d3b,1
eff36cc676a1,0
eff4a8b367af,0
eff9d754ac37,2
f020785690b6,2
f03737fade0d,0
f066f6e370d9,1
f08fcde739a9,0
f09c04da78c8,1
f0a1f9110c22,1
f0b911355322,0
f0fcbaaa7612,2
f0ff17a21204,0
f0ffafd5333f,0
f156cf61e569,0
f160b53aa688,1
f1b259bfdeb6,1
f1e6dbd48681,1
f1e88cd828b6,0
f1faca4ee3bf,0
f2004dd880d2,2
f20e591a82b2,1
f24e1ea3b4e5,0
f2dba3b5079f,2
f2e13bf3c3b2,1
f303a8c31034,1
f329b0d1cd96,0
f344c986468d,0
f38ffba66c51,2
f397b859bb2e,1
f3a1953fc560,2
f3e76c6db648,0
f3e9862d0660,1
f41f107cd928,0
f421c35f30a1,2
f426dc11c4e3,2
f486c6ae703d,1
f4a186e44e25,0
f4a46c392dda,2
f4a4a7f840af,0
f4a8931f879f,0
f4ba7edd28f5,0
f4d9b0dea5f6,0
f509a8c761d7,1
f552d5340dff,2
f5841396cd46,1
f596b1260b66,0
f5b6b3fe2c0c,0
f5d86c3f3f25,2
f5e3af6f8d3c,0
f5e8f05830c3,1
f5fd1736e485,0
f612150fcfc5,0
f61e08bbe70f,0
f6268fa6cbc6,0
f67d90eeb8da,2
f68920ae1ff1,1
f6af895ba82c,1
f6bc7eca461f,0
f6d5fd30c10d,2
f6d78683c0ad,0
f6d95ab0e725,1
f6f8fd7cb65c,0
f75c73395803,0
f7745842e5d1,2
f78890d59ef2,0
f7af5eb0f545,0
f7b3b327cf11,0
f7d7a7343806,2
f7f9cadaeb5e,2
f82c68148b76,1
f83be33900f5,2
f85612f12105,0
f85b6c3730bb,1
f86f5d30c31d,2
f877e57c85b0,1
f88ebde99a8a,0
f898748e6fd8,0
f8af48885a4a,0
f8fea273e947,1
f9630df3c9c6,2
f96b984976c9,2
f9896771e2cb,1
f9c60e728e9a,1
f9f4969344c9,0
f9f4d982671e,2
fa1421ab0a6f,0
fa2cadd1925c,2
fa48b7301b21,2
fa58d6f58b27,2
fa5cf0fc0668,0
fa7f81e32598,2
fa82a42197aa,1
fae52ba9d2ee,0
fae919e074f9,2
faf79fb56508,0
fb142ea468a8,2
fb29c0645251,0
fb2b0a96133d,2
fb7487a0a07f,2
fb983c2fc10e,1
fba32c3ce6b9,1
fbb62adae3ef,1
fbd4510463ea,0
fbf1f542494b,2
fbf26c9e5a0b,0
fbf2facd822d,0
fc0191d72132,1
fc03bd0127c8,0
fc0ea494bd71,0
fc18b9963689,0
fc1ed7ed04a7,2
fc32d2458a3f,0
fc6facb63c6b,2
fc789b2419b3,0
fc958af39c1f,1
fcec74ca01d9,2
fd64610dad63,0
fd66eee168c7,0
fd744ef3cdcc,0
fda45da7d772,1
fda626df69b7,2
fdaf3091d5e9,0
fdc7a828973e,0
fded77695eef,0
fdf6768e2b18,0
fe7567312c26,0
fe855e9e4bbf,1
fedd0ffddf06,0
fef881e4ae2d,2
ff1cfcb5bd63,2
ff2d6b59bcca,0
ff6927c31d52,0
ff75e4381cc8,0
ff7f3935c0dc,2
ffc229313955,2
ffc4e2caa6ad,1
ffc7c946cacc,0
