case_id,letter_ids
case_6c83e08fc50f88064e8277b7,"[""letter_001460"", ""letter_001999"", ""letter_000988"", ""letter_003215"", ""letter_002369"", ""letter_000535"", ""letter_001770"", ""letter_000480"", ""letter_003586"", ""letter_000018""]"
case_a85cfac2ff302154b9233dbd,"[""letter_003363"", ""letter_002253"", ""letter_001392"", ""letter_003161"", ""letter_001322"", ""letter_002768"", ""letter_003097"", ""letter_002344"", ""letter_002792"", ""letter_001400""]"
case_ca10c720bdf0b62b70f4b3f4,"[""letter_000709"", ""letter_002737"", ""letter_001640"", ""letter_001088"", ""letter_002763"", ""letter_001562"", ""letter_001052"", ""letter_003066"", ""letter_002596"", ""letter_000092""]"
case_bc5e75b52780622595133522,"[""letter_003257"", ""letter_000679"", ""letter_000443"", ""letter_001264"", ""letter_000346"", ""letter_003306"", ""letter_001841"", ""letter_002185"", ""letter_001494"", ""letter_002054""]"
case_f5214fac9f920788392f5376,"[""letter_002877"", ""letter_000787"", ""letter_002612"", ""letter_003549"", ""letter_003148"", ""letter_002458"", ""letter_002362"", ""letter_001492"", ""letter_001216"", ""letter_002216""]"
case_9c5593b01b7db3cef262fcef,"[""letter_002338"", ""letter_001754"", ""letter_000441"", ""letter_000165"", ""letter_002871"", ""letter_001959"", ""letter_000421"", ""letter_002385"", ""letter_003382"", ""letter_000628""]"
case_0a86d2609a18f50ac1258a7d,"[""letter_000919"", ""letter_000346"", ""letter_001264"", ""letter_000679"", ""letter_003306"", ""letter_000443"", ""letter_001494"", ""letter_003257"", ""letter_001373"", ""letter_001764""]"
case_a7def46f0d2f1199f3c4c672,"[""letter_002786"", ""letter_002191"", ""letter_002594"", ""letter_003383"", ""letter_002653"", ""letter_003536"", ""letter_001562"", ""letter_002459"", ""letter_003563"", ""letter_003553""]"
case_dde50bbc2ef584d702c83b5b,"[""letter_003395"", ""letter_002588"", ""letter_000901"", ""letter_001918"", ""letter_000253"", ""letter_002161"", ""letter_003619"", ""letter_002932"", ""letter_000997"", ""letter_002049""]"
case_6c216fd8ceda31a0da71eacf,"[""letter_001654"", ""letter_002194"", ""letter_001672"", ""letter_002513"", ""letter_003162"", ""letter_000892"", ""letter_001627"", ""letter_002730"", ""letter_002702"", ""letter_001813""]"
case_175ca81c0d42ff13d005209e,"[""letter_002161"", ""letter_003395"", ""letter_003151"", ""letter_000901"", ""letter_002588"", ""letter_000620"", ""letter_000280"", ""letter_000958"", ""letter_001135"", ""letter_001918""]"
case_69e913e63c3d0ee072c607da,"[""letter_000199"", ""letter_002798"", ""letter_002896"", ""letter_000330"", ""letter_003257"", ""letter_001373"", ""letter_000443"", ""letter_001841"", ""letter_000290"", ""letter_001351""]"
case_0f376360cf74ba8ddd55a40a,"[""letter_003225"", ""letter_003238"", ""letter_002662"", ""letter_002274"", ""letter_001864"", ""letter_002205"", ""letter_003140"", ""letter_000335"", ""letter_001329"", ""letter_002745""]"
case_ddbf5ffeb5c0db6492d68d3b,"[""letter_003643"", ""letter_001242"", ""letter_002326"", ""letter_001856"", ""letter_002573"", ""letter_001906"", ""letter_001439"", ""letter_002967"", ""letter_000331"", ""letter_000550""]"
case_51e62c8cdc324afd7de15ad1,"[""letter_002142"", ""letter_003568"", ""letter_002588"", ""letter_000717"", ""letter_002386"", ""letter_002745"", ""letter_003225"", ""letter_002581"", ""letter_003659"", ""letter_000115""]"
case_1c9ba0b6c1d03ed9dbec4c3c,"[""letter_002317"", ""letter_002632"", ""letter_001963"", ""letter_000465"", ""letter_001121"", ""letter_003308"", ""letter_001377"", ""letter_000030"", ""letter_001992"", ""letter_001649""]"
case_86a510c95549d818b904aa02,"[""letter_001302"", ""letter_000483"", ""letter_002755"", ""letter_002205"", ""letter_002836"", ""letter_002662"", ""letter_000571"", ""letter_002646"", ""letter_000335"", ""letter_001318""]"
case_7776b5a0003d24373e332dbd,"[""letter_003162"", ""letter_000881"", ""letter_002410"", ""letter_002439"", ""letter_000199"", ""letter_002185"", ""letter_000847"", ""letter_002117"", ""letter_001029"", ""letter_003043""]"
case_7bde26452fce1081c8be169e,"[""letter_002317"", ""letter_001963"", ""letter_000465"", ""letter_001377"", ""letter_001452"", ""letter_000030"", ""letter_001698"", ""letter_000627"", ""letter_003308"", ""letter_003501""]"
case_c7fbd600735b6b2aa3f32333,"[""letter_002785"", ""letter_003504"", ""letter_000895"", ""letter_001111"", ""letter_000919"", ""letter_000122"", ""letter_003306"", ""letter_001926"", ""letter_003591"", ""letter_003494""]"
case_801f0981086068246bd2a70c,"[""letter_001871"", ""letter_001939"", ""letter_001667"", ""letter_002921"", ""letter_003594"", ""letter_001825"", ""letter_000251"", ""letter_001801"", ""letter_001635"", ""letter_003108""]"
case_a34bb71d3e1e3ded3732c1a7,"[""letter_001087"", ""letter_001943"", ""letter_002732"", ""letter_003114"", ""letter_002800"", ""letter_002200"", ""letter_001976"", ""letter_003076"", ""letter_001162"", ""letter_001188""]"
case_8d9a25058d3c679e51017b05,"[""letter_001306"", ""letter_001013"", ""letter_001110"", ""letter_001097"", ""letter_001565"", ""letter_003135"", ""letter_001542"", ""letter_001195"", ""letter_001535"", ""letter_002355""]"
case_9396019db6c4982fd3482124,"[""letter_000346"", ""letter_001264"", ""letter_000679"", ""letter_003257"", ""letter_003306"", ""letter_000443"", ""letter_001494"", ""letter_001841"", ""letter_002185"", ""letter_000919""]"
case_60dcfb69a7d529ed57343eb9,"[""letter_001909"", ""letter_000335"", ""letter_000299"", ""letter_001952"", ""letter_000196"", ""letter_001329"", ""letter_003225"", ""letter_002205"", ""letter_002773"", ""letter_002662""]"
case_40be598f82e24742d0b23a2b,"[""letter_002205"", ""letter_002662"", ""letter_000335"", ""letter_000571"", ""letter_001402"", ""letter_003225"", ""letter_002836"", ""letter_001318"", ""letter_002773"", ""letter_003238""]"
case_e054c41e10d32110769438c0,"[""letter_000199"", ""letter_001351"", ""letter_002798"", ""letter_001373"", ""letter_002896"", ""letter_000330"", ""letter_003257"", ""letter_000290"", ""letter_001841"", ""letter_003169""]"
case_bca92c0e1fdf3a1bab076e8d,"[""letter_000391"", ""letter_000150"", ""letter_003472"", ""letter_000281"", ""letter_003535"", ""letter_000019"", ""letter_001819"", ""letter_000796"", ""letter_001411"", ""letter_002481""]"
case_7bf16bbbe656f35c8512a6ab,"[""letter_003225"", ""letter_003238"", ""letter_002662"", ""letter_002274"", ""letter_002205"", ""letter_003140"", ""letter_001329"", ""letter_001864"", ""letter_002745"", ""letter_000571""]"
case_f0e6d3e5f45b0daeb4d83ee0,"[""letter_001458"", ""letter_003551"", ""letter_002235"", ""letter_000098"", ""letter_002296"", ""letter_003135"", ""letter_003558"", ""letter_002626"", ""letter_001217"", ""letter_000166""]"
case_3681803f2d0dd56970c0d76a,"[""letter_000919"", ""letter_000122"", ""letter_001111"", ""letter_003306"", ""letter_002785"", ""letter_003591"", ""letter_001494"", ""letter_000054"", ""letter_000732"", ""letter_001926""]"
case_f95bc6658c167203a8b7ccd6,"[""letter_002359"", ""letter_000973"", ""letter_002821"", ""letter_000923"", ""letter_000715"", ""letter_000731"", ""letter_001734"", ""letter_002666"", ""letter_001985"", ""letter_002549""]"
case_4f19c6cf4036fb84364049ba,"[""letter_002937"", ""letter_002417"", ""letter_002860"", ""letter_002760"", ""letter_001961"", ""letter_002291"", ""letter_000571"", ""letter_001657"", ""letter_000335"", ""letter_001909""]"
case_ded4a9377b2cd9b7c553c0da,"[""letter_000281"", ""letter_000150"", ""letter_003472"", ""letter_000391"", ""letter_003620"", ""letter_003535"", ""letter_000019"", ""letter_000796"", ""letter_002997"", ""letter_001993""]"
case_aba3ff19953fc72e8e8e47ad,"[""letter_002308"", ""letter_001900"", ""letter_001087"", ""letter_001680"", ""letter_001225"", ""letter_000601"", ""letter_000638"", ""letter_000600"", ""letter_003114"", ""letter_002718""]"
case_81153fa3458ebf70c3a6d245,"[""letter_002792"", ""letter_001400"", ""letter_002768"", ""letter_002344"", ""letter_001392"", ""letter_002692"", ""letter_003073"", ""letter_003363"", ""letter_001322"", ""letter_002842""]"
case_03088493a6844d503a3b2e9d,"[""letter_000281"", ""letter_000150"", ""letter_003472"", ""letter_000391"", ""letter_002426"", ""letter_003620"", ""letter_003535"", ""letter_001411"", ""letter_000019"", ""letter_000587""]"
case_d99a5d9ba09271ff34facaf9,"[""letter_000281"", ""letter_000150"", ""letter_003472"", ""letter_000391"", ""letter_002426"", ""letter_003535"", ""letter_000019"", ""letter_000796"", ""letter_001411"", ""letter_002481""]"
case_a7c5801e9f2c2ced3765302a,"[""letter_002858"", ""letter_000067"", ""letter_001033"", ""letter_003416"", ""letter_002278"", ""letter_001994"", ""letter_001965"", ""letter_002878"", ""letter_000407"", ""letter_003336""]"
case_9482933ad2ab3e5597dc485f,"[""letter_000907"", ""letter_001071"", ""letter_000285"", ""letter_000607"", ""letter_002931"", ""letter_003400"", ""letter_001404"", ""letter_003066"", ""letter_003263"", ""letter_000559""]"
case_2183bf7d65f7fbb07e14287a,"[""letter_000077"", ""letter_003174"", ""letter_002784"", ""letter_000344"", ""letter_002414"", ""letter_002673"", ""letter_001456"", ""letter_000775"", ""letter_001534"", ""letter_000391""]"
case_ecc615524672268e6a114551,"[""letter_003207"", ""letter_000394"", ""letter_003343"", ""letter_000024"", ""letter_001901"", ""letter_003419"", ""letter_002003"", ""letter_003648"", ""letter_000307"", ""letter_002242""]"
case_85e5fc7548a93efe35086fe6,"[""letter_001005"", ""letter_001608"", ""letter_001614"", ""letter_003488"", ""letter_001292"", ""letter_003340"", ""letter_002837"", ""letter_001678"", ""letter_000830"", ""letter_001989""]"
case_37f56e8e6eb40110b6db4f77,"[""letter_001856"", ""letter_002573"", ""letter_003643"", ""letter_001242"", ""letter_000396"", ""letter_001906"", ""letter_002704"", ""letter_003111"", ""letter_003400"", ""letter_002710""]"
case_400f9b0b4ca85495bf97565f,"[""letter_000330"", ""letter_000199"", ""letter_002896"", ""letter_002798"", ""letter_000286"", ""letter_001373"", ""letter_000346"", ""letter_001264"", ""letter_000679"", ""letter_003257""]"
case_ce244048c40559348c31e3c9,"[""letter_000346"", ""letter_000919"", ""letter_003591"", ""letter_003306"", ""letter_001111"", ""letter_001926"", ""letter_003494"", ""letter_000732"", ""letter_001494"", ""letter_000158""]"
case_dccd07adfd86ba3e1a601cb2,"[""letter_002458"", ""letter_001395"", ""letter_003297"", ""letter_003549"", ""letter_002877"", ""letter_000787"", ""letter_002509"", ""letter_002612"", ""letter_003400"", ""letter_000984""]"
case_f45e40bf7a3d5162e6b6c862,"[""letter_003549"", ""letter_002877"", ""letter_001216"", ""letter_000787"", ""letter_000845"", ""letter_003148"", ""letter_002879"", ""letter_002458"", ""letter_002362"", ""letter_002612""]"
case_0cbeeb6ee875133d3b6fde49,"[""letter_000277"", ""letter_003245"", ""letter_002585"", ""letter_001821"", ""letter_000287"", ""letter_002833"", ""letter_002064"", ""letter_002237"", ""letter_003001"", ""letter_002042""]"
case_f2a7bcbc78c3741234c1ec1d,"[""letter_002836"", ""letter_002755"", ""letter_000483"", ""letter_001302"", ""letter_002205"", ""letter_002662"", ""letter_000571"", ""letter_000335"", ""letter_002646"", ""letter_001318""]"
case_4391929217a5270dfd965f9e,"[""letter_000806"", ""letter_003553"", ""letter_000944"", ""letter_000927"", ""letter_001460"", ""letter_001273"", ""letter_001634"", ""letter_002752"", ""letter_003425"", ""letter_002250""]"
case_a2f0af546c5013a504d8a0e0,"[""letter_002619"", ""letter_003525"", ""letter_001318"", ""letter_000232"", ""letter_002773"", ""letter_002662"", ""letter_001346"", ""letter_002256"", ""letter_003507"", ""letter_003093""]"
case_fe67f90781676dc88d84c23d,"[""letter_001110"", ""letter_001542"", ""letter_003374"", ""letter_003135"", ""letter_000743"", ""letter_001108"", ""letter_003503"", ""letter_001565"", ""letter_001195"", ""letter_001306""]"
case_5ceb1ab277f424470d155e78,"[""letter_002653"", ""letter_000593"", ""letter_002459"", ""letter_000317"", ""letter_003515"", ""letter_003383"", ""letter_001059"", ""letter_002398"", ""letter_001467"", ""letter_002129""]"
case_30ff16f7654c13cad2f459f5,"[""letter_000199"", ""letter_002798"", ""letter_002896"", ""letter_001373"", ""letter_001264"", ""letter_000330"", ""letter_003257"", ""letter_000443"", ""letter_002595"", ""letter_001841""]"
case_1129af01c01509f482a0fd23,"[""letter_003225"", ""letter_003238"", ""letter_002662"", ""letter_002274"", ""letter_002205"", ""letter_003140"", ""letter_001329"", ""letter_001864"", ""letter_002745"", ""letter_000571""]"
case_4498b222bba109998cac04f7,"[""letter_002745"", ""letter_003225"", ""letter_002662"", ""letter_001329"", ""letter_002205"", ""letter_003238"", ""letter_001610"", ""letter_000571"", ""letter_003474"", ""letter_002999""]"
case_d8a26e9cc4c4aa56d50aa917,"[""letter_000806"", ""letter_003553"", ""letter_000944"", ""letter_000927"", ""letter_001273"", ""letter_001460"", ""letter_002752"", ""letter_001634"", ""letter_003425"", ""letter_002250""]"
case_d7fbbfac2a0b1ac66203850e,"[""letter_001299"", ""letter_000600"", ""letter_000237"", ""letter_001719"", ""letter_001695"", ""letter_002395"", ""letter_002278"", ""letter_003141"", ""letter_002671"", ""letter_002566""]"
case_e24df2383bd381cb40ca0a71,"[""letter_001935"", ""letter_001998"", ""letter_000325"", ""letter_003084"", ""letter_003511"", ""letter_002793"", ""letter_002527"", ""letter_001989"", ""letter_001292"", ""letter_000545""]"
case_7d6f37f162bdb885fd3753d5,"[""letter_003601"", ""letter_002594"", ""letter_002927"", ""letter_001432"", ""letter_002653"", ""letter_003383"", ""letter_003536"", ""letter_001059"", ""letter_000445"", ""letter_002191""]"
case_b7ff2784e1ebcdc3c1482f2a,"[""letter_001542"", ""letter_001108"", ""letter_003503"", ""letter_000743"", ""letter_003135"", ""letter_001110"", ""letter_001672"", ""letter_000808"", ""letter_001195"", ""letter_001097""]"
case_434b46664c0c357257409929,"[""letter_000806"", ""letter_001460"", ""letter_001273"", ""letter_000927"", ""letter_003431"", ""letter_003215"", ""letter_001770"", ""letter_003553"", ""letter_002725"", ""letter_000480""]"
case_9ea2960f677dbd738e7da319,"[""letter_001720"", ""letter_000951"", ""letter_003331"", ""letter_000998"", ""letter_002554"", ""letter_003170"", ""letter_003427"", ""letter_000871"", ""letter_002416"", ""letter_001514""]"
case_4a2599b60b3856b7127ea90f,"[""letter_002248"", ""letter_003167"", ""letter_000988"", ""letter_002711"", ""letter_001883"", ""letter_001332"", ""letter_003311"", ""letter_003215"", ""letter_000495"", ""letter_002260""]"
case_a4d69dd0a23e131210ba1ab5,"[""letter_002253"", ""letter_003161"", ""letter_002692"", ""letter_001322"", ""letter_003097"", ""letter_002362"", ""letter_001392"", ""letter_000624"", ""letter_003326"", ""letter_001142""]"
case_cdfe34ced1d1451626a926bc,"[""letter_001307"", ""letter_001281"", ""letter_002217"", ""letter_001161"", ""letter_001965"", ""letter_001197"", ""letter_000622"", ""letter_001927"", ""letter_003112"", ""letter_002029""]"
case_1942fe5ff5928caee25b3658,"[""letter_002600"", ""letter_000130"", ""letter_003094"", ""letter_003297"", ""letter_002458"", ""letter_003059"", ""letter_001395"", ""letter_001166"", ""letter_000787"", ""letter_001591""]"
case_7fe708cc5a24e5cf4a458fda,"[""letter_001259"", ""letter_003376"", ""letter_003172"", ""letter_001304"", ""letter_000419"", ""letter_000694"", ""letter_002991"", ""letter_000139"", ""letter_003629"", ""letter_001140""]"
case_df5784ad99de262ee67b3c33,"[""letter_000110"", ""letter_002176"", ""letter_002014"", ""letter_000840"", ""letter_003022"", ""letter_001247"", ""letter_000989"", ""letter_002936"", ""letter_001917"", ""letter_000010""]"
case_6a787d1c23a82e92d08ef514,"[""letter_002618"", ""letter_001308"", ""letter_002152"", ""letter_001620"", ""letter_000399"", ""letter_003270"", ""letter_001297"", ""letter_001766"", ""letter_001114"", ""letter_001467""]"
case_1d232a556816f1dad8b59044,"[""letter_002148"", ""letter_002411"", ""letter_002685"", ""letter_001959"", ""letter_002629"", ""letter_002871"", ""letter_000647"", ""letter_000889"", ""letter_003439"", ""letter_002017""]"
case_c4e3b6e2e2cf1fc411879efe,"[""letter_001093"", ""letter_000930"", ""letter_000614"", ""letter_000046"", ""letter_002948"", ""letter_001124"", ""letter_001823"", ""letter_001737"", ""letter_002389"", ""letter_000391""]"
case_3efbeb27c6c6811d17e2e8ed,"[""letter_002596"", ""letter_000562"", ""letter_002000"", ""letter_000092"", ""letter_002680"", ""letter_001819"", ""letter_001562"", ""letter_001176"", ""letter_002763"", ""letter_001088""]"
case_e0e4c846222b1ad4e62f2b9d,"[""letter_002872"", ""letter_001436"", ""letter_001287"", ""letter_002939"", ""letter_001094"", ""letter_002634"", ""letter_000988"", ""letter_000018"", ""letter_001370"", ""letter_003215""]"
case_a026693703a0102193da7770,"[""letter_002836"", ""letter_002755"", ""letter_000571"", ""letter_001302"", ""letter_002662"", ""letter_000483"", ""letter_002205"", ""letter_000335"", ""letter_002646"", ""letter_000353""]"
case_b0547523c28cc928530be84e,"[""letter_000479"", ""letter_003196"", ""letter_001313"", ""letter_000997"", ""letter_000858"", ""letter_002588"", ""letter_000213"", ""letter_001388"", ""letter_000253"", ""letter_000432""]"
case_28817b6ef10d5add9711d617,"[""letter_003404"", ""letter_001473"", ""letter_001131"", ""letter_003380"", ""letter_000689"", ""letter_003233"", ""letter_000930"", ""letter_002337"", ""letter_001823"", ""letter_001938""]"
case_309675a67d9c8a439bb5152e,"[""letter_003594"", ""letter_001667"", ""letter_001801"", ""letter_000945"", ""letter_001871"", ""letter_001149"", ""letter_002893"", ""letter_002995"", ""letter_002745"", ""letter_002662""]"
case_23058813d9303bdf4bfa5d5d,"[""letter_002995"", ""letter_001858"", ""letter_000335"", ""letter_002278"", ""letter_000622"", ""letter_002291"", ""letter_000881"", ""letter_001965"", ""letter_003308"", ""letter_002029""]"
case_1a9bab56ffba779f6e46cf42,"[""letter_000150"", ""letter_003472"", ""letter_000391"", ""letter_000281"", ""letter_003535"", ""letter_000019"", ""letter_001819"", ""letter_002181"", ""letter_000796"", ""letter_000582""]"
case_424840e667eb251d5ee5719a,"[""letter_000930"", ""letter_001823"", ""letter_000422"", ""letter_000614"", ""letter_000834"", ""letter_002517"", ""letter_001938"", ""letter_002389"", ""letter_001098"", ""letter_002948""]"
case_9dce56e72b7f40ed87360045,"[""letter_003167"", ""letter_002260"", ""letter_002711"", ""letter_001332"", ""letter_002945"", ""letter_000495"", ""letter_002951"", ""letter_000241"", ""letter_003603"", ""letter_002586""]"
case_2c2ecfa1df4fdd584ea42edc,"[""letter_000346"", ""letter_001264"", ""letter_000679"", ""letter_003257"", ""letter_000443"", ""letter_003306"", ""letter_002236"", ""letter_001494"", ""letter_001841"", ""letter_000054""]"
case_31c834b8ac6d1ce7d3af7e31,"[""letter_002796"", ""letter_003263"", ""letter_001146"", ""letter_003619"", ""letter_002745"", ""letter_001708"", ""letter_000591"", ""letter_002190"", ""letter_002588"", ""letter_000409""]"
case_d34481b08d0ea8716b803a84,"[""letter_001871"", ""letter_001939"", ""letter_001667"", ""letter_000613"", ""letter_003594"", ""letter_002380"", ""letter_001825"", ""letter_000976"", ""letter_002921"", ""letter_001635""]"
case_f7690fdb347af5b98ed3e8e6,"[""letter_002858"", ""letter_000067"", ""letter_001033"", ""letter_003416"", ""letter_002278"", ""letter_001994"", ""letter_001965"", ""letter_002878"", ""letter_000407"", ""letter_003336""]"
case_d85ded9ba0d8d09da855d8e0,"[""letter_000110"", ""letter_002176"", ""letter_000840"", ""letter_002014"", ""letter_003022"", ""letter_002936"", ""letter_001247"", ""letter_000010"", ""letter_000690"", ""letter_001917""]"
case_c2c41174da16f044b4b25597,"[""letter_000252"", ""letter_001270"", ""letter_002050"", ""letter_001636"", ""letter_003357"", ""letter_001938"", ""letter_003089"", ""letter_001477"", ""letter_001157"", ""letter_002620""]"
case_f410f7e6b2c5bfb7fd9ed871,"[""letter_000346"", ""letter_000679"", ""letter_000443"", ""letter_001264"", ""letter_003257"", ""letter_003306"", ""letter_001494"", ""letter_000054"", ""letter_001841"", ""letter_002185""]"
case_2a7148a254eda548d395921d,"[""letter_002360"", ""letter_001711"", ""letter_002167"", ""letter_001772"", ""letter_001922"", ""letter_000018"", ""letter_003329"", ""letter_001603"", ""letter_002681"", ""letter_000298""]"
case_7bf9f83639af816d7de94f6b,"[""letter_000951"", ""letter_003331"", ""letter_002554"", ""letter_002416"", ""letter_000520"", ""letter_000871"", ""letter_000782"", ""letter_000899"", ""letter_003427"", ""letter_000567""]"
case_9bb7a3b0c710ec03fa2c5e44,"[""letter_002858"", ""letter_003416"", ""letter_000067"", ""letter_003336"", ""letter_001994"", ""letter_002123"", ""letter_001033"", ""letter_003258"", ""letter_002294"", ""letter_002278""]"
case_17bbac16a5cad464f70bb3e6,"[""letter_001377"", ""letter_001698"", ""letter_003308"", ""letter_001649"", ""letter_003501"", ""letter_000495"", ""letter_000242"", ""letter_003369"", ""letter_001819"", ""letter_002426""]"
case_d0e76c5edaa2b7089c5b2f23,"[""letter_003381"", ""letter_002779"", ""letter_000203"", ""letter_002862"", ""letter_003020"", ""letter_001871"", ""letter_001685"", ""letter_000755"", ""letter_001825"", ""letter_000321""]"
case_940b5e57f7053344ccdf29a9,"[""letter_002410"", ""letter_000199"", ""letter_002798"", ""letter_002595"", ""letter_002896"", ""letter_001841"", ""letter_001264"", ""letter_001373"", ""letter_003257"", ""letter_000443""]"
case_bf2aa46d95c6a7d9221a9951,"[""letter_000391"", ""letter_002291"", ""letter_003417"", ""letter_002777"", ""letter_003535"", ""letter_002464"", ""letter_001782"", ""letter_001011"", ""letter_003310"", ""letter_003311""]"
case_f7ff1e3a0bc2c6c68da32aaa,"[""letter_003438"", ""letter_002662"", ""letter_002745"", ""letter_002588"", ""letter_002691"", ""letter_002699"", ""letter_003351"", ""letter_002044"", ""letter_002693"", ""letter_000301""]"
case_dc0ef45830d58c058cf11220,"[""letter_003129"", ""letter_001468"", ""letter_001135"", ""letter_000901"", ""letter_002161"", ""letter_002588"", ""letter_003151"", ""letter_000594"", ""letter_000958"", ""letter_000620""]"
case_280a7bab99267f8f8b7d4f74,"[""letter_003281"", ""letter_002135"", ""letter_003383"", ""letter_000389"", ""letter_000931"", ""letter_003425"", ""letter_000607"", ""letter_003039"", ""letter_001234"", ""letter_003642""]"
case_73d9a3e7180a7cf26414d11f,"[""letter_000571"", ""letter_002205"", ""letter_002662"", ""letter_001318"", ""letter_001402"", ""letter_003225"", ""letter_000483"", ""letter_002755"", ""letter_002836"", ""letter_003027""]"
case_b22acce54eac39a0365e2ec4,"[""letter_000806"", ""letter_003553"", ""letter_000944"", ""letter_001460"", ""letter_002752"", ""letter_001634"", ""letter_000927"", ""letter_001273"", ""letter_003425"", ""letter_001014""]"
case_94840cc0704d5e5d04d7d0a6,"[""letter_003035"", ""letter_001208"", ""letter_000817"", ""letter_000832"", ""letter_001021"", ""letter_001316"", ""letter_000617"", ""letter_001575"", ""letter_001525"", ""letter_000845""]"
case_be7d0433b76e06b342191676,"[""letter_000624"", ""letter_003615"", ""letter_003647"", ""letter_001423"", ""letter_003290"", ""letter_001528"", ""letter_003377"", ""letter_001951"", ""letter_001389"", ""letter_003161""]"
case_a0dd5f198dad496f59a9d8ff,"[""letter_003383"", ""letter_002163"", ""letter_002036"", ""letter_002391"", ""letter_003273"", ""letter_000449"", ""letter_002282"", ""letter_002138"", ""letter_000190"", ""letter_001538""]"
case_d475e1022c86e56746d85043,"[""letter_000689"", ""letter_003404"", ""letter_001131"", ""letter_001473"", ""letter_003380"", ""letter_003233"", ""letter_000930"", ""letter_002337"", ""letter_001823"", ""letter_001938""]"
case_a8159d7cf6eb322f36e77369,"[""letter_001307"", ""letter_001281"", ""letter_002217"", ""letter_001161"", ""letter_001965"", ""letter_000622"", ""letter_001197"", ""letter_002029"", ""letter_002019"", ""letter_001927""]"
case_da840754d1b0b4bc723c99d6,"[""letter_001728"", ""letter_001351"", ""letter_002439"", ""letter_002327"", ""letter_000330"", ""letter_003162"", ""letter_002577"", ""letter_003169"", ""letter_002798"", ""letter_003043""]"
case_5fe29a127eb48140fad12b95,"[""letter_002176"", ""letter_003040"", ""letter_002014"", ""letter_000868"", ""letter_000110"", ""letter_001814"", ""letter_003296"", ""letter_000947"", ""letter_000840"", ""letter_000612""]"
case_7ebdfff45d7498a0d930d6c5,"[""letter_003246"", ""letter_001766"", ""letter_002138"", ""letter_003383"", ""letter_000465"", ""letter_002463"", ""letter_002634"", ""letter_002232"", ""letter_002110"", ""letter_001248""]"
case_ffafb65c739236f60ac3db19,"[""letter_003238"", ""letter_003225"", ""letter_002662"", ""letter_002274"", ""letter_002205"", ""letter_001864"", ""letter_003140"", ""letter_001329"", ""letter_002745"", ""letter_000335""]"
case_967aed6de11ac84067cca8ea,"[""letter_000414"", ""letter_003097"", ""letter_003326"", ""letter_000276"", ""letter_000530"", ""letter_003497"", ""letter_001457"", ""letter_001566"", ""letter_001102"", ""letter_002792""]"
case_87a9c73ec6c9fe8e52c81ec1,"[""letter_002176"", ""letter_002014"", ""letter_000110"", ""letter_003040"", ""letter_000868"", ""letter_001814"", ""letter_000947"", ""letter_000840"", ""letter_002420"", ""letter_001917""]"
case_dc27b66c965ce6c2c715f35e,"[""letter_003207"", ""letter_000394"", ""letter_003343"", ""letter_002003"", ""letter_001901"", ""letter_003419"", ""letter_000024"", ""letter_003648"", ""letter_000307"", ""letter_003046""]"
case_f26bcb5ea7a930f9defede69,"[""letter_000391"", ""letter_000950"", ""letter_002291"", ""letter_003472"", ""letter_003535"", ""letter_000796"", ""letter_000281"", ""letter_001498"", ""letter_002997"", ""letter_000005""]"
case_73a1a5b0ff6eba87012f6980,"[""letter_001965"", ""letter_001281"", ""letter_001307"", ""letter_001161"", ""letter_002217"", ""letter_002278"", ""letter_001927"", ""letter_001033"", ""letter_002858"", ""letter_001430""]"
case_0f49811522fdf18440f8cce7,"[""letter_001329"", ""letter_003225"", ""letter_002274"", ""letter_000571"", ""letter_003238"", ""letter_002662"", ""letter_001318"", ""letter_001864"", ""letter_003140"", ""letter_002205""]"
case_91c194d62af41762e7f14bbd,"[""letter_000806"", ""letter_000927"", ""letter_001273"", ""letter_003553"", ""letter_000944"", ""letter_001460"", ""letter_002287"", ""letter_002752"", ""letter_001634"", ""letter_003152""]"
case_3154cafdafb25f9c7d1959a4,"[""letter_003503"", ""letter_001108"", ""letter_001110"", ""letter_001195"", ""letter_003135"", ""letter_003374"", ""letter_000808"", ""letter_001565"", ""letter_002094"", ""letter_001306""]"
case_6dc1e8e6e98b8393002a469a,"[""letter_002174"", ""letter_001900"", ""letter_000204"", ""letter_000407"", ""letter_002878"", ""letter_002106"", ""letter_003350"", ""letter_000085"", ""letter_001902"", ""letter_000638""]"
case_1ba81c0aac328bc39b7005e8,"[""letter_000864"", ""letter_000216"", ""letter_002974"", ""letter_000858"", ""letter_001278"", ""letter_000603"", ""letter_001437"", ""letter_003061"", ""letter_001958"", ""letter_002617""]"
case_a40bbded071ed272a0f9fd79,"[""letter_003225"", ""letter_003238"", ""letter_002662"", ""letter_002274"", ""letter_002205"", ""letter_001864"", ""letter_003140"", ""letter_001329"", ""letter_002745"", ""letter_000335""]"
case_ff8454f85cd14e03239f1945,"[""letter_002878"", ""letter_002499"", ""letter_002106"", ""letter_000022"", ""letter_002566"", ""letter_003141"", ""letter_000407"", ""letter_001900"", ""letter_002174"", ""letter_000652""]"
case_18cb661a1dde4997a2ea55d4,"[""letter_002858"", ""letter_000067"", ""letter_003416"", ""letter_002278"", ""letter_001033"", ""letter_003336"", ""letter_001965"", ""letter_001994"", ""letter_003258"", ""letter_000407""]"
case_730b0ad3f18c30ddfe2d83c1,"[""letter_003395"", ""letter_002161"", ""letter_002588"", ""letter_000901"", ""letter_003151"", ""letter_000620"", ""letter_001918"", ""letter_000958"", ""letter_001135"", ""letter_002321""]"
case_fcf2b00cf73afe54c2dcf90a,"[""letter_001909"", ""letter_001952"", ""letter_000196"", ""letter_003495"", ""letter_000299"", ""letter_000335"", ""letter_002832"", ""letter_001775"", ""letter_001470"", ""letter_001329""]"
case_ca61f3aacda2909b71ea3f19,"[""letter_002274"", ""letter_003225"", ""letter_001329"", ""letter_003238"", ""letter_000571"", ""letter_001864"", ""letter_002662"", ""letter_000238"", ""letter_001318"", ""letter_003140""]"
case_4991c7068daa14f427ed3ad2,"[""letter_000862"", ""letter_002548"", ""letter_000995"", ""letter_000683"", ""letter_002000"", ""letter_002376"", ""letter_002895"", ""letter_000284"", ""letter_001991"", ""letter_002898""]"
case_c6fa0880333aa9138aad994c,"[""letter_001072"", ""letter_002991"", ""letter_003516"", ""letter_001892"", ""letter_003585"", ""letter_000735"", ""letter_002787"", ""letter_003279"", ""letter_001218"", ""letter_000592""]"
case_31acc65d4d37fd7498739203,"[""letter_001755"", ""letter_000958"", ""letter_003506"", ""letter_000432"", ""letter_001388"", ""letter_003129"", ""letter_000293"", ""letter_001135"", ""letter_000253"", ""letter_002588""]"
case_51f9090fd49ca2ffac3388e3,"[""letter_001264"", ""letter_000346"", ""letter_000443"", ""letter_001373"", ""letter_000286"", ""letter_003306"", ""letter_000679"", ""letter_001841"", ""letter_000330"", ""letter_001701""]"
case_e5ef948ab47824e8733f9a9b,"[""letter_001329"", ""letter_003225"", ""letter_000571"", ""letter_002662"", ""letter_002274"", ""letter_001318"", ""letter_002205"", ""letter_003238"", ""letter_002745"", ""letter_001864""]"
case_7a9f2acc75ba7206c26b5f22,"[""letter_000944"", ""letter_002487"", ""letter_001220"", ""letter_000437"", ""letter_001634"", ""letter_000621"", ""letter_000819"", ""letter_000574"", ""letter_000855"", ""letter_001820""]"
case_6555c5b143a0123ce85c2eb5,"[""letter_002385"", ""letter_002162"", ""letter_000407"", ""letter_003195"", ""letter_001571"", ""letter_001674"", ""letter_002029"", ""letter_003360"", ""letter_000834"", ""letter_002796""]"
case_5a994f6627ea4513aa6e6865,"[""letter_002205"", ""letter_000571"", ""letter_001402"", ""letter_000335"", ""letter_002836"", ""letter_002755"", ""letter_000483"", ""letter_002662"", ""letter_003027"", ""letter_001744""]"
case_f97ee54795ded48455034594,"[""letter_000562"", ""letter_000092"", ""letter_002680"", ""letter_002596"", ""letter_001562"", ""letter_001819"", ""letter_002763"", ""letter_001088"", ""letter_002737"", ""letter_001200""]"
case_b661e0ccc7fd0e757c751b31,"[""letter_002786"", ""letter_002594"", ""letter_002191"", ""letter_002653"", ""letter_003383"", ""letter_002459"", ""letter_002323"", ""letter_003536"", ""letter_001367"", ""letter_003563""]"
case_88d76219edd0455a5b53113d,"[""letter_001871"", ""letter_001939"", ""letter_001667"", ""letter_002921"", ""letter_003594"", ""letter_000251"", ""letter_001825"", ""letter_001801"", ""letter_003303"", ""letter_002161""]"
case_7db3eef8199da30375c15508,"[""letter_002785"", ""letter_003504"", ""letter_000895"", ""letter_000919"", ""letter_000122"", ""letter_003591"", ""letter_001111"", ""letter_001926"", ""letter_003306"", ""letter_003087""]"
case_83e706c54359341a2e36a403,"[""letter_002881"", ""letter_000931"", ""letter_003039"", ""letter_000649"", ""letter_002700"", ""letter_000032"", ""letter_001503"", ""letter_003425"", ""letter_000751"", ""letter_003642""]"
case_7da51c98610af14704ab4153,"[""letter_003380"", ""letter_003404"", ""letter_001473"", ""letter_003233"", ""letter_000689"", ""letter_002337"", ""letter_001131"", ""letter_001378"", ""letter_002645"", ""letter_001737""]"
case_1cdc8ae117e4c40cfa17f0f1,"[""letter_000617"", ""letter_000220"", ""letter_000685"", ""letter_001638"", ""letter_000198"", ""letter_002293"", ""letter_001289"", ""letter_003035"", ""letter_001021"", ""letter_001803""]"
case_7f9a49f54fa71f875dd84825,"[""letter_000150"", ""letter_003472"", ""letter_003501"", ""letter_000391"", ""letter_000281"", ""letter_000019"", ""letter_002481"", ""letter_001411"", ""letter_000718"", ""letter_000582""]"
case_edd85d61a02abf1108a30376,"[""letter_000391"", ""letter_000334"", ""letter_003472"", ""letter_001498"", ""letter_000005"", ""letter_002997"", ""letter_002181"", ""letter_002099"", ""letter_001861"", ""letter_001611""]"
case_f01d96c1240b3aab683e6b0b,"[""letter_002278"", ""letter_001033"", ""letter_000407"", ""letter_002858"", ""letter_002671"", ""letter_002878"", ""letter_002392"", ""letter_000667"", ""letter_001680"", ""letter_002123""]"
case_2f222956747e28b4bed08b98,"[""letter_001806"", ""letter_000848"", ""letter_000757"", ""letter_003310"", ""letter_000170"", ""letter_002291"", ""letter_000312"", ""letter_000950"", ""letter_000009"", ""letter_000960""]"
case_d6b2aa0575d82883cb5956e2,"[""letter_002142"", ""letter_002745"", ""letter_000717"", ""letter_003568"", ""letter_003225"", ""letter_002662"", ""letter_002386"", ""letter_002588"", ""letter_000115"", ""letter_001083""]"
case_515d6b62d63fd912b2737546,"[""letter_002612"", ""letter_002216"", ""letter_002877"", ""letter_002727"", ""letter_003148"", ""letter_000787"", ""letter_003254"", ""letter_002362"", ""letter_002458"", ""letter_001492""]"
case_f973980d745e299d78e64cf3,"[""letter_000988"", ""letter_002248"", ""letter_003317"", ""letter_001099"", ""letter_001370"", ""letter_001094"", ""letter_000480"", ""letter_001972"", ""letter_002634"", ""letter_001933""]"
case_75b595b1311e1333333e72d1,"[""letter_002371"", ""letter_000206"", ""letter_001618"", ""letter_002157"", ""letter_001741"", ""letter_002173"", ""letter_001868"", ""letter_002904"", ""letter_002962"", ""letter_002268""]"
case_8f880d4e6165e010d7ab9179,"[""letter_002896"", ""letter_000346"", ""letter_001111"", ""letter_001926"", ""letter_001841"", ""letter_003504"", ""letter_003087"", ""letter_003306"", ""letter_000919"", ""letter_003591""]"
case_245a6a9068e69c1f59f483ad,"[""letter_000951"", ""letter_001720"", ""letter_003331"", ""letter_002554"", ""letter_000520"", ""letter_001514"", ""letter_002416"", ""letter_003427"", ""letter_001369"", ""letter_000325""]"
case_7636a61436a3c89c8836b1f5,"[""letter_002726"", ""letter_002040"", ""letter_000521"", ""letter_003319"", ""letter_001273"", ""letter_003066"", ""letter_000927"", ""letter_003308"", ""letter_000440"", ""letter_002351""]"
case_e494c35c9c016f7c6e9392f1,"[""letter_003167"", ""letter_002260"", ""letter_001332"", ""letter_002711"", ""letter_000495"", ""letter_002951"", ""letter_002945"", ""letter_003182"", ""letter_000241"", ""letter_003603""]"
case_12fbc080a79b0ec55f3b8ff9,"[""letter_003233"", ""letter_003404"", ""letter_001473"", ""letter_001131"", ""letter_003380"", ""letter_000689"", ""letter_002337"", ""letter_000930"", ""letter_002389"", ""letter_001433""]"
case_19d67a004db34bf6ade30dba,"[""letter_000988"", ""letter_002248"", ""letter_001099"", ""letter_003317"", ""letter_001094"", ""letter_001370"", ""letter_000480"", ""letter_001972"", ""letter_001933"", ""letter_002634""]"
case_59999315f11f29fe66674da3,"[""letter_002758"", ""letter_003362"", ""letter_002859"", ""letter_002309"", ""letter_003583"", ""letter_001968"", ""letter_001956"", ""letter_000355"", ""letter_002375"", ""letter_001277""]"
case_a9326e028cce79926bd54996,"[""letter_001542"", ""letter_003374"", ""letter_001108"", ""letter_000743"", ""letter_003503"", ""letter_001097"", ""letter_001672"", ""letter_003135"", ""letter_002034"", ""letter_002355""]"
case_83bad49f8bcdaa727c2254c5,"[""letter_000580"", ""letter_000494"", ""letter_000359"", ""letter_002477"", ""letter_000345"", ""letter_001761"", ""letter_002552"", ""letter_001637"", ""letter_001122"", ""letter_000253""]"
case_49900464af97b43278d10d8e,"[""letter_000806"", ""letter_003553"", ""letter_000927"", ""letter_000944"", ""letter_001460"", ""letter_001273"", ""letter_002752"", ""letter_001634"", ""letter_003425"", ""letter_002287""]"
case_9efe927acd80137be353ded8,"[""letter_000353"", ""letter_002836"", ""letter_001329"", ""letter_002755"", ""letter_000483"", ""letter_001302"", ""letter_000335"", ""letter_002205"", ""letter_003225"", ""letter_000571""]"
case_e6fe74a359faedd89cf8fe15,"[""letter_000340"", ""letter_003658"", ""letter_000765"", ""letter_002189"", ""letter_001570"", ""letter_002694"", ""letter_003614"", ""letter_002258"", ""letter_000218"", ""letter_000391""]"
case_84cf0873eb82a49f9d6adfd0,"[""letter_001029"", ""letter_001373"", ""letter_000346"", ""letter_000330"", ""letter_001769"", ""letter_002439"", ""letter_001018"", ""letter_001442"", ""letter_003043"", ""letter_001351""]"
case_31272e98a8d74a1635b98329,"[""letter_000679"", ""letter_003257"", ""letter_001264"", ""letter_000346"", ""letter_000443"", ""letter_003306"", ""letter_001494"", ""letter_000919"", ""letter_001841"", ""letter_000054""]"
case_3e8d9d417372c4204fed0052,"[""letter_002135"", ""letter_002018"", ""letter_003281"", ""letter_000931"", ""letter_000032"", ""letter_000317"", ""letter_001467"", ""letter_001970"", ""letter_002263"", ""letter_003584""]"
case_2b700a8ed52071d130684b8b,"[""letter_000862"", ""letter_002548"", ""letter_000995"", ""letter_000683"", ""letter_002895"", ""letter_002000"", ""letter_002376"", ""letter_002898"", ""letter_000284"", ""letter_001991""]"
case_9e841a53c051c33a78467536,"[""letter_000919"", ""letter_000122"", ""letter_000330"", ""letter_003591"", ""letter_001111"", ""letter_000054"", ""letter_001926"", ""letter_003087"", ""letter_003494"", ""letter_000158""]"
case_a93fa44a040da5ef852a99c9,"[""letter_001264"", ""letter_000286"", ""letter_000346"", ""letter_000679"", ""letter_000443"", ""letter_002236"", ""letter_000330"", ""letter_003306"", ""letter_002424"", ""letter_002038""]"
case_78f0c50d869da39062e01e7f,"[""letter_001680"", ""letter_001900"", ""letter_002878"", ""letter_002308"", ""letter_000638"", ""letter_000601"", ""letter_000257"", ""letter_000585"", ""letter_003350"", ""letter_001225""]"
case_1ac4834464240dd5f82b7688,"[""letter_000330"", ""letter_000919"", ""letter_001111"", ""letter_000122"", ""letter_003591"", ""letter_001926"", ""letter_003306"", ""letter_003087"", ""letter_001373"", ""letter_003504""]"
